,cluster_label,cosmos_/cosmos.distribution.v1beta1.MsgCommunityPoolSpend_YES,cosmos_/cosmos.distribution.v1beta1.MsgCommunityPoolSpend_NO,cosmos_/cosmos.distribution.v1beta1.MsgCommunityPoolSpend_VETO,cosmos_/cosmos.distribution.v1beta1.MsgCommunityPoolSpend_ABSTAIN,cosmos_/cosmos.distribution.v1beta1.MsgCommunityPoolSpend_NOVOTE,cosmos_ParameterChange_YES,cosmos_ParameterChange_NO,cosmos_ParameterChange_VETO,cosmos_ParameterChange_ABSTAIN,cosmos_ParameterChange_NOVOTE,cosmos_Text_YES,cosmos_Text_NO,cosmos_Text_VETO,cosmos_Text_ABSTAIN,cosmos_Text_NOVOTE,cosmos_/cosmos.gov.v1beta1.TextProposal_YES,cosmos_/cosmos.gov.v1beta1.TextProposal_NO,cosmos_/cosmos.gov.v1beta1.TextProposal_VETO,cosmos_/cosmos.gov.v1beta1.TextProposal_ABSTAIN,cosmos_/cosmos.gov.v1beta1.TextProposal_NOVOTE,cosmos_CommunityPoolSpend_YES,cosmos_CommunityPoolSpend_NO,cosmos_CommunityPoolSpend_VETO,cosmos_CommunityPoolSpend_ABSTAIN,cosmos_CommunityPoolSpend_NOVOTE,cosmos_Equivocation_YES,cosmos_Equivocation_NO,cosmos_Equivocation_VETO,cosmos_Equivocation_ABSTAIN,cosmos_Equivocation_NOVOTE,cosmos_unknown_YES,cosmos_unknown_NO,cosmos_unknown_VETO,cosmos_unknown_ABSTAIN,cosmos_unknown_NOVOTE,kava_/cosmos.gov.v1beta1.TextProposal_YES,kava_/cosmos.gov.v1beta1.TextProposal_NO,kava_/cosmos.gov.v1beta1.TextProposal_VETO,kava_/cosmos.gov.v1beta1.TextProposal_ABSTAIN,kava_/cosmos.gov.v1beta1.TextProposal_NOVOTE,kava_/cosmos.params.v1beta1.ParameterChangeProposal_YES,kava_/cosmos.params.v1beta1.ParameterChangeProposal_NO,kava_/cosmos.params.v1beta1.ParameterChangeProposal_VETO,kava_/cosmos.params.v1beta1.ParameterChangeProposal_ABSTAIN,kava_/cosmos.params.v1beta1.ParameterChangeProposal_NOVOTE,kava_/cosmos.authz.v1beta1.MsgExec_YES,kava_/cosmos.authz.v1beta1.MsgExec_NO,kava_/cosmos.authz.v1beta1.MsgExec_VETO,kava_/cosmos.authz.v1beta1.MsgExec_ABSTAIN,kava_/cosmos.authz.v1beta1.MsgExec_NOVOTE,kava_/kava.earn.v1beta1.CommunityPoolWithdrawProposal_YES,kava_/kava.earn.v1beta1.CommunityPoolWithdrawProposal_NO,kava_/kava.earn.v1beta1.CommunityPoolWithdrawProposal_VETO,kava_/kava.earn.v1beta1.CommunityPoolWithdrawProposal_ABSTAIN,kava_/kava.earn.v1beta1.CommunityPoolWithdrawProposal_NOVOTE,kava_/kava.kavadist.v1beta1.CommunityPoolMultiSpendProposal_YES,kava_/kava.kavadist.v1beta1.CommunityPoolMultiSpendProposal_NO,kava_/kava.kavadist.v1beta1.CommunityPoolMultiSpendProposal_VETO,kava_/kava.kavadist.v1beta1.CommunityPoolMultiSpendProposal_ABSTAIN,kava_/kava.kavadist.v1beta1.CommunityPoolMultiSpendProposal_NOVOTE,kava_/cosmos.upgrade.v1beta1.SoftwareUpgradeProposal_YES,kava_/cosmos.upgrade.v1beta1.SoftwareUpgradeProposal_NO,kava_/cosmos.upgrade.v1beta1.SoftwareUpgradeProposal_VETO,kava_/cosmos.upgrade.v1beta1.SoftwareUpgradeProposal_ABSTAIN,kava_/cosmos.upgrade.v1beta1.SoftwareUpgradeProposal_NOVOTE,kava_/ibc.core.client.v1.UpgradeProposal_YES,kava_/ibc.core.client.v1.UpgradeProposal_NO,kava_/ibc.core.client.v1.UpgradeProposal_VETO,kava_/ibc.core.client.v1.UpgradeProposal_ABSTAIN,kava_/ibc.core.client.v1.UpgradeProposal_NOVOTE,kava_/ethermint.evm.v1.MsgUpdateParams_YES,kava_/ethermint.evm.v1.MsgUpdateParams_NO,kava_/ethermint.evm.v1.MsgUpdateParams_VETO,kava_/ethermint.evm.v1.MsgUpdateParams_ABSTAIN,kava_/ethermint.evm.v1.MsgUpdateParams_NOVOTE,kava_/cosmos.distribution.v1beta1.CommunityPoolSpendProposal_YES,kava_/cosmos.distribution.v1beta1.CommunityPoolSpendProposal_NO,kava_/cosmos.distribution.v1beta1.CommunityPoolSpendProposal_VETO,kava_/cosmos.distribution.v1beta1.CommunityPoolSpendProposal_ABSTAIN,kava_/cosmos.distribution.v1beta1.CommunityPoolSpendProposal_NOVOTE,injective_/cosmwasm.wasm.v1.MsgAddCodeUploadParamsAddresses_YES,injective_/cosmwasm.wasm.v1.MsgAddCodeUploadParamsAddresses_NO,injective_/cosmwasm.wasm.v1.MsgAddCodeUploadParamsAddresses_VETO,injective_/cosmwasm.wasm.v1.MsgAddCodeUploadParamsAddresses_ABSTAIN,injective_/cosmwasm.wasm.v1.MsgAddCodeUploadParamsAddresses_NOVOTE,injective_/injective.exchange.v1beta1.TradingRewardPendingPointsUpdateProposal_YES,injective_/injective.exchange.v1beta1.TradingRewardPendingPointsUpdateProposal_NO,injective_/injective.exchange.v1beta1.TradingRewardPendingPointsUpdateProposal_VETO,injective_/injective.exchange.v1beta1.TradingRewardPendingPointsUpdateProposal_ABSTAIN,injective_/injective.exchange.v1beta1.TradingRewardPendingPointsUpdateProposal_NOVOTE,injective_/injective.wasmx.v1.BatchStoreCodeProposal_YES,injective_/injective.wasmx.v1.BatchStoreCodeProposal_NO,injective_/injective.wasmx.v1.BatchStoreCodeProposal_VETO,injective_/injective.wasmx.v1.BatchStoreCodeProposal_ABSTAIN,injective_/injective.wasmx.v1.BatchStoreCodeProposal_NOVOTE,injective_/injective.exchange.v1beta1.TradingRewardCampaignUpdateProposal_YES,injective_/injective.exchange.v1beta1.TradingRewardCampaignUpdateProposal_NO,injective_/injective.exchange.v1beta1.TradingRewardCampaignUpdateProposal_VETO,injective_/injective.exchange.v1beta1.TradingRewardCampaignUpdateProposal_ABSTAIN,injective_/injective.exchange.v1beta1.TradingRewardCampaignUpdateProposal_NOVOTE,injective_/injective.exchange.v1beta1.FeeDiscountProposal_YES,injective_/injective.exchange.v1beta1.FeeDiscountProposal_NO,injective_/injective.exchange.v1beta1.FeeDiscountProposal_VETO,injective_/injective.exchange.v1beta1.FeeDiscountProposal_ABSTAIN,injective_/injective.exchange.v1beta1.FeeDiscountProposal_NOVOTE,injective_/injective.exchange.v1beta1.BatchExchangeModificationProposal_YES,injective_/injective.exchange.v1beta1.BatchExchangeModificationProposal_NO,injective_/injective.exchange.v1beta1.BatchExchangeModificationProposal_VETO,injective_/injective.exchange.v1beta1.BatchExchangeModificationProposal_ABSTAIN,injective_/injective.exchange.v1beta1.BatchExchangeModificationProposal_NOVOTE,injective_/cosmwasm.wasm.v1.MsgStoreCode_YES,injective_/cosmwasm.wasm.v1.MsgStoreCode_NO,injective_/cosmwasm.wasm.v1.MsgStoreCode_VETO,injective_/cosmwasm.wasm.v1.MsgStoreCode_ABSTAIN,injective_/cosmwasm.wasm.v1.MsgStoreCode_NOVOTE,injective_/injective.exchange.v1beta1.BatchCommunityPoolSpendProposal_YES,injective_/injective.exchange.v1beta1.BatchCommunityPoolSpendProposal_NO,injective_/injective.exchange.v1beta1.BatchCommunityPoolSpendProposal_VETO,injective_/injective.exchange.v1beta1.BatchCommunityPoolSpendProposal_ABSTAIN,injective_/injective.exchange.v1beta1.BatchCommunityPoolSpendProposal_NOVOTE,injective_/injective.oracle.v1beta1.RevokeProviderPrivilegeProposal_YES,injective_/injective.oracle.v1beta1.RevokeProviderPrivilegeProposal_NO,injective_/injective.oracle.v1beta1.RevokeProviderPrivilegeProposal_VETO,injective_/injective.oracle.v1beta1.RevokeProviderPrivilegeProposal_ABSTAIN,injective_/injective.oracle.v1beta1.RevokeProviderPrivilegeProposal_NOVOTE,injective_/cosmos.gov.v1beta1.TextProposal_YES,injective_/cosmos.gov.v1beta1.TextProposal_NO,injective_/cosmos.gov.v1beta1.TextProposal_VETO,injective_/cosmos.gov.v1beta1.TextProposal_ABSTAIN,injective_/cosmos.gov.v1beta1.TextProposal_NOVOTE,injective_/injective.oracle.v1beta1.GrantProviderPrivilegeProposal_YES,injective_/injective.oracle.v1beta1.GrantProviderPrivilegeProposal_NO,injective_/injective.oracle.v1beta1.GrantProviderPrivilegeProposal_VETO,injective_/injective.oracle.v1beta1.GrantProviderPrivilegeProposal_ABSTAIN,injective_/injective.oracle.v1beta1.GrantProviderPrivilegeProposal_NOVOTE,injective_/cosmos.distribution.v1beta1.MsgCommunityPoolSpend_YES,injective_/cosmos.distribution.v1beta1.MsgCommunityPoolSpend_NO,injective_/cosmos.distribution.v1beta1.MsgCommunityPoolSpend_VETO,injective_/cosmos.distribution.v1beta1.MsgCommunityPoolSpend_ABSTAIN,injective_/cosmos.distribution.v1beta1.MsgCommunityPoolSpend_NOVOTE,injective_/injective.exchange.v1beta1.MsgUpdateParams_YES,injective_/injective.exchange.v1beta1.MsgUpdateParams_NO,injective_/injective.exchange.v1beta1.MsgUpdateParams_VETO,injective_/injective.exchange.v1beta1.MsgUpdateParams_ABSTAIN,injective_/injective.exchange.v1beta1.MsgUpdateParams_NOVOTE,injective_/cosmos.params.v1beta1.ParameterChangeProposal_YES,injective_/cosmos.params.v1beta1.ParameterChangeProposal_NO,injective_/cosmos.params.v1beta1.ParameterChangeProposal_VETO,injective_/cosmos.params.v1beta1.ParameterChangeProposal_ABSTAIN,injective_/cosmos.params.v1beta1.ParameterChangeProposal_NOVOTE,injective_/injective.exchange.v1beta1.PerpetualMarketLaunchProposal_YES,injective_/injective.exchange.v1beta1.PerpetualMarketLaunchProposal_NO,injective_/injective.exchange.v1beta1.PerpetualMarketLaunchProposal_VETO,injective_/injective.exchange.v1beta1.PerpetualMarketLaunchProposal_ABSTAIN,injective_/injective.exchange.v1beta1.PerpetualMarketLaunchProposal_NOVOTE,injective_/cosmwasm.wasm.v1.MsgInstantiateContract_YES,injective_/cosmwasm.wasm.v1.MsgInstantiateContract_NO,injective_/cosmwasm.wasm.v1.MsgInstantiateContract_VETO,injective_/cosmwasm.wasm.v1.MsgInstantiateContract_ABSTAIN,injective_/cosmwasm.wasm.v1.MsgInstantiateContract_NOVOTE,injective_/cosmos.mint.v1beta1.MsgUpdateParams_YES,injective_/cosmos.mint.v1beta1.MsgUpdateParams_NO,injective_/cosmos.mint.v1beta1.MsgUpdateParams_VETO,injective_/cosmos.mint.v1beta1.MsgUpdateParams_ABSTAIN,injective_/cosmos.mint.v1beta1.MsgUpdateParams_NOVOTE,axelar_Text_YES,axelar_Text_NO,axelar_Text_VETO,axelar_Text_ABSTAIN,axelar_Text_NOVOTE,axelar_CommunityPoolSpend_YES,axelar_CommunityPoolSpend_NO,axelar_CommunityPoolSpend_VETO,axelar_CommunityPoolSpend_ABSTAIN,axelar_CommunityPoolSpend_NOVOTE,osmosis_/osmosis.poolincentives.v1beta1.UpdatePoolIncentivesProposal_YES,osmosis_/osmosis.poolincentives.v1beta1.UpdatePoolIncentivesProposal_NO,osmosis_/osmosis.poolincentives.v1beta1.UpdatePoolIncentivesProposal_VETO,osmosis_/osmosis.poolincentives.v1beta1.UpdatePoolIncentivesProposal_ABSTAIN,osmosis_/osmosis.poolincentives.v1beta1.UpdatePoolIncentivesProposal_NOVOTE,osmosis_/cosmwasm.wasm.v1.StoreCodeProposal_YES,osmosis_/cosmwasm.wasm.v1.StoreCodeProposal_NO,osmosis_/cosmwasm.wasm.v1.StoreCodeProposal_VETO,osmosis_/cosmwasm.wasm.v1.StoreCodeProposal_ABSTAIN,osmosis_/cosmwasm.wasm.v1.StoreCodeProposal_NOVOTE,osmosis_/cosmos.authz.v1beta1.MsgExec_YES,osmosis_/cosmos.authz.v1beta1.MsgExec_NO,osmosis_/cosmos.authz.v1beta1.MsgExec_VETO,osmosis_/cosmos.authz.v1beta1.MsgExec_ABSTAIN,osmosis_/cosmos.authz.v1beta1.MsgExec_NOVOTE,osmosis_/cosmos.params.v1beta1.ParameterChangeProposal_YES,osmosis_/cosmos.params.v1beta1.ParameterChangeProposal_NO,osmosis_/cosmos.params.v1beta1.ParameterChangeProposal_VETO,osmosis_/cosmos.params.v1beta1.ParameterChangeProposal_ABSTAIN,osmosis_/cosmos.params.v1beta1.ParameterChangeProposal_NOVOTE,osmosis_/cosmos.gov.v1beta1.TextProposal_YES,osmosis_/cosmos.gov.v1beta1.TextProposal_NO,osmosis_/cosmos.gov.v1beta1.TextProposal_VETO,osmosis_/cosmos.gov.v1beta1.TextProposal_ABSTAIN,osmosis_/cosmos.gov.v1beta1.TextProposal_NOVOTE,osmosis_/ibc.core.client.v1.ClientUpdateProposal_YES,osmosis_/ibc.core.client.v1.ClientUpdateProposal_NO,osmosis_/ibc.core.client.v1.ClientUpdateProposal_VETO,osmosis_/ibc.core.client.v1.ClientUpdateProposal_ABSTAIN,osmosis_/ibc.core.client.v1.ClientUpdateProposal_NOVOTE,osmosis_/cosmos.distribution.v1beta1.MsgCommunityPoolSpend_YES,osmosis_/cosmos.distribution.v1beta1.MsgCommunityPoolSpend_NO,osmosis_/cosmos.distribution.v1beta1.MsgCommunityPoolSpend_VETO,osmosis_/cosmos.distribution.v1beta1.MsgCommunityPoolSpend_ABSTAIN,osmosis_/cosmos.distribution.v1beta1.MsgCommunityPoolSpend_NOVOTE,osmosis_/ibc.core.client.v1.UpgradeProposal_YES,osmosis_/ibc.core.client.v1.UpgradeProposal_NO,osmosis_/ibc.core.client.v1.UpgradeProposal_VETO,osmosis_/ibc.core.client.v1.UpgradeProposal_ABSTAIN,osmosis_/ibc.core.client.v1.UpgradeProposal_NOVOTE,osmosis_/cosmos.distribution.v1beta1.CommunityPoolSpendProposal_YES,osmosis_/cosmos.distribution.v1beta1.CommunityPoolSpendProposal_NO,osmosis_/cosmos.distribution.v1beta1.CommunityPoolSpendProposal_VETO,osmosis_/cosmos.distribution.v1beta1.CommunityPoolSpendProposal_ABSTAIN,osmosis_/cosmos.distribution.v1beta1.CommunityPoolSpendProposal_NOVOTE,osmosis_/osmosis.superfluid.v1beta1.SetSuperfluidAssetsProposal_YES,osmosis_/osmosis.superfluid.v1beta1.SetSuperfluidAssetsProposal_NO,osmosis_/osmosis.superfluid.v1beta1.SetSuperfluidAssetsProposal_VETO,osmosis_/osmosis.superfluid.v1beta1.SetSuperfluidAssetsProposal_ABSTAIN,osmosis_/osmosis.superfluid.v1beta1.SetSuperfluidAssetsProposal_NOVOTE,osmosis_/osmosis.superfluid.v1beta1.RemoveSuperfluidAssetsProposal_YES,osmosis_/osmosis.superfluid.v1beta1.RemoveSuperfluidAssetsProposal_NO,osmosis_/osmosis.superfluid.v1beta1.RemoveSuperfluidAssetsProposal_VETO,osmosis_/osmosis.superfluid.v1beta1.RemoveSuperfluidAssetsProposal_ABSTAIN,osmosis_/osmosis.superfluid.v1beta1.RemoveSuperfluidAssetsProposal_NOVOTE,osmosis_/cosmwasm.wasm.v1.MsgAddCodeUploadParamsAddresses_YES,osmosis_/cosmwasm.wasm.v1.MsgAddCodeUploadParamsAddresses_NO,osmosis_/cosmwasm.wasm.v1.MsgAddCodeUploadParamsAddresses_VETO,osmosis_/cosmwasm.wasm.v1.MsgAddCodeUploadParamsAddresses_ABSTAIN,osmosis_/cosmwasm.wasm.v1.MsgAddCodeUploadParamsAddresses_NOVOTE,osmosis_/cosmos.slashing.v1beta1.MsgUpdateParams_YES,osmosis_/cosmos.slashing.v1beta1.MsgUpdateParams_NO,osmosis_/cosmos.slashing.v1beta1.MsgUpdateParams_VETO,osmosis_/cosmos.slashing.v1beta1.MsgUpdateParams_ABSTAIN,osmosis_/cosmos.slashing.v1beta1.MsgUpdateParams_NOVOTE,osmosis_/osmosis.concentratedliquidity.v1beta1.CreateConcentratedLiquidityPoolsProposal_YES,osmosis_/osmosis.concentratedliquidity.v1beta1.CreateConcentratedLiquidityPoolsProposal_NO,osmosis_/osmosis.concentratedliquidity.v1beta1.CreateConcentratedLiquidityPoolsProposal_VETO,osmosis_/osmosis.concentratedliquidity.v1beta1.CreateConcentratedLiquidityPoolsProposal_ABSTAIN,osmosis_/osmosis.concentratedliquidity.v1beta1.CreateConcentratedLiquidityPoolsProposal_NOVOTE,osmosis_/osmosis.gamm.v1beta1.UpdateMigrationRecordsProposal_YES,osmosis_/osmosis.gamm.v1beta1.UpdateMigrationRecordsProposal_NO,osmosis_/osmosis.gamm.v1beta1.UpdateMigrationRecordsProposal_VETO,osmosis_/osmosis.gamm.v1beta1.UpdateMigrationRecordsProposal_ABSTAIN,osmosis_/osmosis.gamm.v1beta1.UpdateMigrationRecordsProposal_NOVOTE,osmosis_/cosmwasm.wasm.v1.MsgUpdateParams_YES,osmosis_/cosmwasm.wasm.v1.MsgUpdateParams_NO,osmosis_/cosmwasm.wasm.v1.MsgUpdateParams_VETO,osmosis_/cosmwasm.wasm.v1.MsgUpdateParams_ABSTAIN,osmosis_/cosmwasm.wasm.v1.MsgUpdateParams_NOVOTE,osmosis_unknown_YES,osmosis_unknown_NO,osmosis_unknown_VETO,osmosis_unknown_ABSTAIN,osmosis_unknown_NOVOTE,osmosis_/osmosis.cosmwasmpool.v1beta1.UploadCosmWasmPoolCodeAndWhiteListProposal_YES,osmosis_/osmosis.cosmwasmpool.v1beta1.UploadCosmWasmPoolCodeAndWhiteListProposal_NO,osmosis_/osmosis.cosmwasmpool.v1beta1.UploadCosmWasmPoolCodeAndWhiteListProposal_VETO,osmosis_/osmosis.cosmwasmpool.v1beta1.UploadCosmWasmPoolCodeAndWhiteListProposal_ABSTAIN,osmosis_/osmosis.cosmwasmpool.v1beta1.UploadCosmWasmPoolCodeAndWhiteListProposal_NOVOTE,terra_/cosmos.params.v1beta1.ParameterChangeProposal_YES,terra_/cosmos.params.v1beta1.ParameterChangeProposal_NO,terra_/cosmos.params.v1beta1.ParameterChangeProposal_VETO,terra_/cosmos.params.v1beta1.ParameterChangeProposal_ABSTAIN,terra_/cosmos.params.v1beta1.ParameterChangeProposal_NOVOTE,terra_/alliance.alliance.MsgUpdateAlliance_YES,terra_/alliance.alliance.MsgUpdateAlliance_NO,terra_/alliance.alliance.MsgUpdateAlliance_VETO,terra_/alliance.alliance.MsgUpdateAlliance_ABSTAIN,terra_/alliance.alliance.MsgUpdateAlliance_NOVOTE,terra_/cosmos.gov.v1beta1.TextProposal_YES,terra_/cosmos.gov.v1beta1.TextProposal_NO,terra_/cosmos.gov.v1beta1.TextProposal_VETO,terra_/cosmos.gov.v1beta1.TextProposal_ABSTAIN,terra_/cosmos.gov.v1beta1.TextProposal_NOVOTE,terra_/cosmos.distribution.v1beta1.CommunityPoolSpendProposal_YES,terra_/cosmos.distribution.v1beta1.CommunityPoolSpendProposal_NO,terra_/cosmos.distribution.v1beta1.CommunityPoolSpendProposal_VETO,terra_/cosmos.distribution.v1beta1.CommunityPoolSpendProposal_ABSTAIN,terra_/cosmos.distribution.v1beta1.CommunityPoolSpendProposal_NOVOTE,terra_/cosmos.distribution.v1beta1.MsgCommunityPoolSpend_YES,terra_/cosmos.distribution.v1beta1.MsgCommunityPoolSpend_NO,terra_/cosmos.distribution.v1beta1.MsgCommunityPoolSpend_VETO,terra_/cosmos.distribution.v1beta1.MsgCommunityPoolSpend_ABSTAIN,terra_/cosmos.distribution.v1beta1.MsgCommunityPoolSpend_NOVOTE,terra_/alliance.alliance.MsgCreateAlliance_YES,terra_/alliance.alliance.MsgCreateAlliance_NO,terra_/alliance.alliance.MsgCreateAlliance_VETO,terra_/alliance.alliance.MsgCreateAlliance_ABSTAIN,terra_/alliance.alliance.MsgCreateAlliance_NOVOTE,iris_/cosmos.gov.v1beta1.TextProposal_YES,iris_/cosmos.gov.v1beta1.TextProposal_NO,iris_/cosmos.gov.v1beta1.TextProposal_VETO,iris_/cosmos.gov.v1beta1.TextProposal_ABSTAIN,iris_/cosmos.gov.v1beta1.TextProposal_NOVOTE,iris_/cosmos.params.v1beta1.ParameterChangeProposal_YES,iris_/cosmos.params.v1beta1.ParameterChangeProposal_NO,iris_/cosmos.params.v1beta1.ParameterChangeProposal_VETO,iris_/cosmos.params.v1beta1.ParameterChangeProposal_ABSTAIN,iris_/cosmos.params.v1beta1.ParameterChangeProposal_NOVOTE,iris_/cosmos.distribution.v1beta1.MsgCommunityPoolSpend_YES,iris_/cosmos.distribution.v1beta1.MsgCommunityPoolSpend_NO,iris_/cosmos.distribution.v1beta1.MsgCommunityPoolSpend_VETO,iris_/cosmos.distribution.v1beta1.MsgCommunityPoolSpend_ABSTAIN,iris_/cosmos.distribution.v1beta1.MsgCommunityPoolSpend_NOVOTE,iris_/cosmos.distribution.v1beta1.CommunityPoolSpendProposal_YES,iris_/cosmos.distribution.v1beta1.CommunityPoolSpendProposal_NO,iris_/cosmos.distribution.v1beta1.CommunityPoolSpendProposal_VETO,iris_/cosmos.distribution.v1beta1.CommunityPoolSpendProposal_ABSTAIN,iris_/cosmos.distribution.v1beta1.CommunityPoolSpendProposal_NOVOTE,dydx_/dydxprotocol.prices.MsgCreateOracleMarket_YES,dydx_/dydxprotocol.prices.MsgCreateOracleMarket_NO,dydx_/dydxprotocol.prices.MsgCreateOracleMarket_VETO,dydx_/dydxprotocol.prices.MsgCreateOracleMarket_ABSTAIN,dydx_/dydxprotocol.prices.MsgCreateOracleMarket_NOVOTE,dydx_/cosmos.gov.v1beta1.TextProposal_YES,dydx_/cosmos.gov.v1beta1.TextProposal_NO,dydx_/cosmos.gov.v1beta1.TextProposal_VETO,dydx_/cosmos.gov.v1beta1.TextProposal_ABSTAIN,dydx_/cosmos.gov.v1beta1.TextProposal_NOVOTE,dydx_unknown_YES,dydx_unknown_NO,dydx_unknown_VETO,dydx_unknown_ABSTAIN,dydx_unknown_NOVOTE,dydx_/dydxprotocol.rewards.MsgUpdateParams_YES,dydx_/dydxprotocol.rewards.MsgUpdateParams_NO,dydx_/dydxprotocol.rewards.MsgUpdateParams_VETO,dydx_/dydxprotocol.rewards.MsgUpdateParams_ABSTAIN,dydx_/dydxprotocol.rewards.MsgUpdateParams_NOVOTE,dydx_/dydxprotocol.sending.MsgSendFromModuleToAccount_YES,dydx_/dydxprotocol.sending.MsgSendFromModuleToAccount_NO,dydx_/dydxprotocol.sending.MsgSendFromModuleToAccount_VETO,dydx_/dydxprotocol.sending.MsgSendFromModuleToAccount_ABSTAIN,dydx_/dydxprotocol.sending.MsgSendFromModuleToAccount_NOVOTE,secret_CommunityPoolSpend_YES,secret_CommunityPoolSpend_NO,secret_CommunityPoolSpend_VETO,secret_CommunityPoolSpend_ABSTAIN,secret_CommunityPoolSpend_NOVOTE,secret_Text_YES,secret_Text_NO,secret_Text_VETO,secret_Text_ABSTAIN,secret_Text_NOVOTE,secret_ParameterChange_YES,secret_ParameterChange_NO,secret_ParameterChange_VETO,secret_ParameterChange_ABSTAIN,secret_ParameterChange_NOVOTE,akash_CommunityPoolSpend_YES,akash_CommunityPoolSpend_NO,akash_CommunityPoolSpend_VETO,akash_CommunityPoolSpend_ABSTAIN,akash_CommunityPoolSpend_NOVOTE,akash_Text_YES,akash_Text_NO,akash_Text_VETO,akash_Text_ABSTAIN,akash_Text_NOVOTE,akash_ParameterChange_YES,akash_ParameterChange_NO,akash_ParameterChange_VETO,akash_ParameterChange_ABSTAIN,akash_ParameterChange_NOVOTE,stargaze_/cosmos.distribution.v1beta1.CommunityPoolSpendProposal_YES,stargaze_/cosmos.distribution.v1beta1.CommunityPoolSpendProposal_NO,stargaze_/cosmos.distribution.v1beta1.CommunityPoolSpendProposal_VETO,stargaze_/cosmos.distribution.v1beta1.CommunityPoolSpendProposal_ABSTAIN,stargaze_/cosmos.distribution.v1beta1.CommunityPoolSpendProposal_NOVOTE,stargaze_/cosmwasm.wasm.v1.StoreCodeProposal_YES,stargaze_/cosmwasm.wasm.v1.StoreCodeProposal_NO,stargaze_/cosmwasm.wasm.v1.StoreCodeProposal_VETO,stargaze_/cosmwasm.wasm.v1.StoreCodeProposal_ABSTAIN,stargaze_/cosmwasm.wasm.v1.StoreCodeProposal_NOVOTE,stargaze_/cosmos.distribution.v1beta1.MsgCommunityPoolSpend_YES,stargaze_/cosmos.distribution.v1beta1.MsgCommunityPoolSpend_NO,stargaze_/cosmos.distribution.v1beta1.MsgCommunityPoolSpend_VETO,stargaze_/cosmos.distribution.v1beta1.MsgCommunityPoolSpend_ABSTAIN,stargaze_/cosmos.distribution.v1beta1.MsgCommunityPoolSpend_NOVOTE,stargaze_/cosmos.params.v1beta1.ParameterChangeProposal_YES,stargaze_/cosmos.params.v1beta1.ParameterChangeProposal_NO,stargaze_/cosmos.params.v1beta1.ParameterChangeProposal_VETO,stargaze_/cosmos.params.v1beta1.ParameterChangeProposal_ABSTAIN,stargaze_/cosmos.params.v1beta1.ParameterChangeProposal_NOVOTE,stargaze_/cosmos.gov.v1beta1.TextProposal_YES,stargaze_/cosmos.gov.v1beta1.TextProposal_NO,stargaze_/cosmos.gov.v1beta1.TextProposal_VETO,stargaze_/cosmos.gov.v1beta1.TextProposal_ABSTAIN,stargaze_/cosmos.gov.v1beta1.TextProposal_NOVOTE,stargaze_/cosmwasm.wasm.v1.SudoContractProposal_YES,stargaze_/cosmwasm.wasm.v1.SudoContractProposal_NO,stargaze_/cosmwasm.wasm.v1.SudoContractProposal_VETO,stargaze_/cosmwasm.wasm.v1.SudoContractProposal_ABSTAIN,stargaze_/cosmwasm.wasm.v1.SudoContractProposal_NOVOTE,gravity-bridge_CommunityPoolSpend_YES,gravity-bridge_CommunityPoolSpend_NO,gravity-bridge_CommunityPoolSpend_VETO,gravity-bridge_CommunityPoolSpend_ABSTAIN,gravity-bridge_CommunityPoolSpend_NOVOTE,gravity-bridge_Aird_YES,gravity-bridge_Aird_NO,gravity-bridge_Aird_VETO,gravity-bridge_Aird_ABSTAIN,gravity-bridge_Aird_NOVOTE,gravity-bridge_IBCMetadat_YES,gravity-bridge_IBCMetadat_NO,gravity-bridge_IBCMetadat_VETO,gravity-bridge_IBCMetadat_ABSTAIN,gravity-bridge_IBCMetadat_NOVOTE,gravity-bridge_Text_YES,gravity-bridge_Text_NO,gravity-bridge_Text_VETO,gravity-bridge_Text_ABSTAIN,gravity-bridge_Text_NOVOTE,gravity-bridge_UpdateHrpIbcChanne_YES,gravity-bridge_UpdateHrpIbcChanne_NO,gravity-bridge_UpdateHrpIbcChanne_VETO,gravity-bridge_UpdateHrpIbcChanne_ABSTAIN,gravity-bridge_UpdateHrpIbcChanne_NOVOTE,gravity-bridge_ParameterChange_YES,gravity-bridge_ParameterChange_NO,gravity-bridge_ParameterChange_VETO,gravity-bridge_ParameterChange_ABSTAIN,gravity-bridge_ParameterChange_NOVOTE,sentinel_ParameterChange_YES,sentinel_ParameterChange_NO,sentinel_ParameterChange_VETO,sentinel_ParameterChange_ABSTAIN,sentinel_ParameterChange_NOVOTE,sentinel_Text_YES,sentinel_Text_NO,sentinel_Text_VETO,sentinel_Text_ABSTAIN,sentinel_Text_NOVOTE,sentinel_CommunityPoolSpend_YES,sentinel_CommunityPoolSpend_NO,sentinel_CommunityPoolSpend_VETO,sentinel_CommunityPoolSpend_ABSTAIN,sentinel_CommunityPoolSpend_NOVOTE,juno_/cosmos.gov.v1beta1.TextProposal_YES,juno_/cosmos.gov.v1beta1.TextProposal_NO,juno_/cosmos.gov.v1beta1.TextProposal_VETO,juno_/cosmos.gov.v1beta1.TextProposal_ABSTAIN,juno_/cosmos.gov.v1beta1.TextProposal_NOVOTE,juno_/cosmos.distribution.v1beta1.CommunityPoolSpendProposal_YES,juno_/cosmos.distribution.v1beta1.CommunityPoolSpendProposal_NO,juno_/cosmos.distribution.v1beta1.CommunityPoolSpendProposal_VETO,juno_/cosmos.distribution.v1beta1.CommunityPoolSpendProposal_ABSTAIN,juno_/cosmos.distribution.v1beta1.CommunityPoolSpendProposal_NOVOTE,juno_unknown_YES,juno_unknown_NO,juno_unknown_VETO,juno_unknown_ABSTAIN,juno_unknown_NOVOTE,juno_/cosmos.params.v1beta1.ParameterChangeProposal_YES,juno_/cosmos.params.v1beta1.ParameterChangeProposal_NO,juno_/cosmos.params.v1beta1.ParameterChangeProposal_VETO,juno_/cosmos.params.v1beta1.ParameterChangeProposal_ABSTAIN,juno_/cosmos.params.v1beta1.ParameterChangeProposal_NOVOTE,juno_/cosmwasm.wasm.v1.MsgExecuteContract_YES,juno_/cosmwasm.wasm.v1.MsgExecuteContract_NO,juno_/cosmwasm.wasm.v1.MsgExecuteContract_VETO,juno_/cosmwasm.wasm.v1.MsgExecuteContract_ABSTAIN,juno_/cosmwasm.wasm.v1.MsgExecuteContract_NOVOTE,juno_/cosmos.distribution.v1beta1.MsgCommunityPoolSpend_YES,juno_/cosmos.distribution.v1beta1.MsgCommunityPoolSpend_NO,juno_/cosmos.distribution.v1beta1.MsgCommunityPoolSpend_VETO,juno_/cosmos.distribution.v1beta1.MsgCommunityPoolSpend_ABSTAIN,juno_/cosmos.distribution.v1beta1.MsgCommunityPoolSpend_NOVOTE,juno_/cosmos.upgrade.v1beta1.SoftwareUpgradeProposal_YES,juno_/cosmos.upgrade.v1beta1.SoftwareUpgradeProposal_NO,juno_/cosmos.upgrade.v1beta1.SoftwareUpgradeProposal_VETO,juno_/cosmos.upgrade.v1beta1.SoftwareUpgradeProposal_ABSTAIN,juno_/cosmos.upgrade.v1beta1.SoftwareUpgradeProposal_NOVOTE
0,0,0,0,0,0,0,0,0,0,0,0,0,0,0,0,0,0,0,0,0,0,0,0,0,0,0,0,0,0,0,0,0,0,0,0,0,1,0,0,1,0,1,0,0,0,0,1,0,0,0,0,2,0,0,0,0,0,0,0,1,0,1,0,0,0,0,1,1,0,0,0,1,0,0,0,0,1,1,0,0,0,0,0,0,0,0,0,0,0,0,0,0,0,0,0,0,0,0,0,0,0,0,0,0,0,0,0,0,0,0,0,0,0,0,0,0,0,0,0,0,0,0,0,0,0,0,0,0,0,0,0,0,0,0,0,0,0,0,0,0,0,0,0,0,0,0,0,0,0,0,0,0,0,0,0,0,0,0,0,0,0,0,0,0,0,0,10,0,0,2,0,8,4,0,3,0,0,0,0,0,0,0,0,0,0,0,0,0,0,0,0,0,0,0,0,0,0,0,0,0,0,0,0,0,0,0,0,0,0,0,0,0,0,0,0,0,0,0,0,0,0,0,0,0,0,0,0,0,0,0,0,0,0,0,0,0,0,0,0,0,0,0,0,0,0,0,0,0,0,0,0,0,0,0,0,0,0,0,0,0,0,0,0,0,0,0,0,0,0,0,0,0,0,0,0,0,0,0,0,0,0,0,0,0,0,0,0,1,0,0,0,0,0,0,0,0,0,0,0,0,0,1,0,0,0,0,0,0,0,0,0,0,0,0,0,0,0,1,0,0,0,1,0,0,0,0,1,0,0,1,0,1,0,0,0,0,1,0,0,1,0,0,0,0,0,0,0,0,0,0,0,0,0,0,0,0,1,0,0,0,0,0,1,0,0,0,0,0,0,0,0,3,0,0,0,0,6,4,0,0,0,0,0,0,0,0,6,2,0,0,0,3,1,0,0,0,4,1,0,0,0,5,0,0,0,0,3,0,0,0,0,4,3,0,0,0,5,0,0,0,0,1,2,0,0,0,3,0,0,1,0,0,0,0,0,0,0,0,0,0,0,0,0,0,0,0,2,4,0,4,0,2,1,0,3,0,1,0,0,0,0,2,1,0,0,0,2,0,0,0,0,2,0,0,1,0,8,0,0,4,0
1,1,0,0,0,0,0,1,0,0,0,0,0,0,0,0,0,1,0,0,0,0,0,0,0,0,0,0,1,0,0,0,0,0,0,0,0,12,1,0,2,0,7,0,0,2,0,7,0,0,2,0,12,2,0,1,0,1,7,0,5,0,9,8,0,0,0,8,13,0,0,0,6,0,0,3,0,2,11,0,6,0,0,0,0,0,0,0,0,0,0,0,0,0,0,0,0,1,0,0,0,0,0,0,0,0,0,1,0,0,1,0,0,0,0,0,0,0,0,0,0,0,0,0,0,0,0,1,0,0,0,0,0,0,0,0,0,0,0,0,0,0,0,0,0,0,0,1,0,0,1,0,0,0,0,0,0,0,0,0,0,0,0,0,0,0,0,0,0,0,0,0,1,0,0,0,0,0,0,0,0,0,0,0,0,0,0,0,0,0,0,0,0,0,0,0,0,0,0,0,0,0,0,0,0,0,0,0,0,0,0,0,0,0,0,0,0,0,0,0,0,0,0,0,0,0,0,0,0,0,0,0,0,0,0,0,0,0,0,0,0,0,0,0,0,0,0,0,0,0,0,0,0,0,0,0,0,0,0,0,0,0,0,0,0,0,0,3,0,0,0,0,0,0,0,0,0,0,0,0,0,0,0,1,0,0,0,0,0,0,0,0,0,0,0,1,0,0,0,0,0,0,1,1,0,0,0,0,0,0,0,0,0,2,0,6,0,0,0,0,0,0,0,0,0,0,0,1,0,0,0,0,0,0,0,0,0,0,0,0,0,0,0,0,0,0,0,0,0,0,0,0,0,0,0,0,0,2,0,0,0,0,1,2,0,0,0,1,0,0,0,0,0,0,0,0,0,0,0,0,0,0,0,0,0,0,0,1,0,0,1,0,0,0,0,0,0,0,0,0,0,0,2,0,0,0,0,0,0,0,0,0,1,0,0,0,0,2,1,0,0,0,1,2,0,0,0,2,0,0,1,0,0,0,0,0,0,0,0,0,0,0,2,0,0,0,0,0,0,0,0,0,0,1,0,0,0,1,0,0,0,0,0,0,0,0,0,1,0,0,0,0,0,0,0,0,0,0,0,0,0,0
2,2,30,7,0,11,0,11,31,0,14,0,11,1,0,13,0,32,7,0,3,0,10,4,0,0,0,14,35,0,6,0,10,27,0,8,0,10,2,0,2,0,12,0,0,1,0,11,0,0,1,0,7,0,0,4,0,2,5,0,6,0,8,7,0,0,0,4,10,0,1,0,9,0,0,3,0,1,4,0,6,0,12,0,0,3,0,6,0,0,1,0,5,2,0,8,0,5,0,0,0,0,3,0,0,2,0,5,0,0,1,0,7,4,0,8,0,16,0,0,1,0,11,0,0,4,0,19,0,0,3,0,8,0,0,9,0,0,12,0,6,0,15,0,0,3,0,6,0,0,2,0,6,0,0,0,0,7,3,0,11,0,15,0,0,3,0,8,0,0,9,0,3,5,0,8,0,35,1,0,25,0,39,4,0,22,0,36,3,0,18,0,20,14,0,4,0,8,21,0,33,0,44,0,0,24,0,29,0,0,23,0,0,26,0,2,0,8,9,0,3,0,52,0,0,21,0,30,3,0,34,0,39,3,0,10,0,35,7,0,10,0,19,34,0,11,0,27,38,0,7,0,31,1,0,27,0,29,0,0,25,0,42,9,0,9,0,6,0,0,0,0,3,0,0,7,0,0,9,0,0,0,6,4,0,1,0,1,8,0,4,0,2,7,0,3,0,0,0,0,0,0,3,1,0,0,0,0,1,0,4,0,1,1,0,3,0,2,11,0,2,0,15,1,0,1,0,10,3,0,4,0,12,1,0,1,0,1,13,0,3,0,0,0,0,0,0,10,2,0,1,0,2,6,0,3,0,20,0,0,2,0,6,11,0,6,0,10,3,0,0,0,17,0,0,10,0,9,9,0,1,0,15,0,0,7,0,10,8,0,5,0,3,20,0,7,0,13,5,0,3,0,11,1,0,2,0,2,4,0,0,0,8,4,0,0,0,6,1,0,6,0,4,6,0,2,0,10,0,0,3,0,9,2,0,5,0,9,0,0,4,0,12,0,0,0,0,4,13,0,14,0,3,9,0,4,0,2,4,0,26,0,11,15,0,15,0,25,0,0,11,0,24,5,0,5,0,26,8,0,8,0
3,3,1,0,0,2,0,1,2,0,1,0,1,0,0,0,0,2,0,0,2,0,1,0,0,0,0,1,3,0,0,0,0,3,0,1,0,0,0,0,0,0,0,0,0,2,0,2,0,0,1,0,0,0,0,0,0,0,0,0,0,0,0,0,0,0,0,0,0,0,0,0,0,0,0,2,0,0,0,0,0,0,8,1,0,10,0,0,0,0,2,0,3,2,0,15,0,0,0,0,2,0,0,0,0,0,0,1,0,0,1,0,6,3,0,19,0,14,0,0,7,0,14,0,0,8,0,17,0,0,9,0,5,1,0,14,0,0,14,0,8,0,16,0,0,7,0,4,0,0,2,0,0,0,0,1,0,5,3,0,16,0,16,0,0,5,0,4,0,0,0,0,2,0,0,1,0,0,0,0,0,0,0,0,0,0,0,1,1,0,1,0,0,0,0,0,0,0,0,0,0,0,1,0,0,0,0,1,0,0,3,0,0,1,0,0,0,0,0,0,0,0,0,0,0,0,0,0,0,0,0,0,2,0,0,1,0,2,0,0,1,0,0,0,0,0,0,0,0,0,0,0,2,0,0,1,0,1,0,0,2,0,1,0,0,2,0,2,0,0,0,0,1,1,0,2,0,0,2,0,0,0,2,1,0,1,0,0,2,0,2,0,0,3,0,1,0,0,0,0,0,0,0,0,0,0,0,0,0,0,0,0,0,0,0,0,0,1,1,0,0,0,2,0,0,2,0,3,0,0,0,0,3,0,0,0,0,0,1,0,3,0,0,0,0,0,0,1,0,0,0,0,1,0,0,0,0,3,0,0,0,0,1,2,0,0,0,3,1,0,0,0,0,0,0,1,0,2,1,0,0,0,0,0,0,1,0,2,1,0,1,0,0,0,0,1,0,1,1,0,0,0,0,0,0,0,0,0,0,0,0,0,0,0,0,0,0,0,0,0,0,0,0,0,0,1,0,0,0,0,0,0,12,2,0,5,0,9,0,0,5,0,15,0,0,0,0,0,0,0,0,0,0,0,0,0,0,0,0,0,3,0,0,3,0,0,0,2,0,0,1,0,1,1,0,0,0,1,0,0,0,0
4,4,0,1,0,0,0,0,2,0,0,0,0,0,0,0,0,0,1,0,1,0,2,0,0,1,0,1,0,0,0,0,0,1,0,1,0,0,0,0,0,0,1,0,0,0,0,0,0,0,0,0,0,0,0,1,0,0,0,0,0,0,0,0,0,0,0,0,0,0,0,0,1,0,0,0,0,0,0,0,1,0,0,0,0,0,0,0,0,0,0,0,0,0,0,1,0,0,0,0,0,0,0,0,0,0,0,0,0,0,0,0,0,0,0,0,0,1,0,0,0,0,0,0,0,0,0,1,0,0,0,0,0,0,0,0,0,0,0,0,0,0,0,0,0,0,0,0,0,0,0,0,0,0,0,0,0,0,0,0,1,0,0,0,0,0,0,0,0,0,0,0,0,0,0,0,0,1,0,0,0,0,0,0,0,0,0,1,0,0,0,0,0,0,0,0,0,0,0,0,0,0,0,0,0,1,0,0,0,0,0,0,0,0,0,0,0,0,0,0,0,0,0,0,0,1,0,0,0,0,1,0,0,0,0,0,0,0,0,0,0,0,0,0,0,0,0,0,0,0,0,0,0,0,0,0,0,0,0,0,0,0,1,0,0,0,0,0,0,0,0,0,1,0,0,0,0,0,0,0,0,0,0,0,0,0,0,1,0,0,0,0,0,1,0,0,0,0,0,0,0,0,0,0,0,0,0,0,0,0,0,0,0,0,0,0,0,0,12,0,2,0,11,1,0,4,0,7,5,0,4,0,9,1,0,2,0,1,9,0,4,0,0,0,0,0,0,1,0,0,1,0,0,2,0,0,0,15,0,0,2,0,1,14,0,5,0,13,5,0,0,0,0,0,0,0,0,0,0,0,0,0,0,0,0,0,0,0,0,0,0,0,0,0,0,0,0,0,0,0,0,0,0,0,0,0,0,0,0,0,0,0,1,2,0,0,0,0,0,0,0,0,0,1,0,0,0,0,0,0,0,0,2,2,0,0,0,2,0,0,0,0,4,0,0,0,0,0,0,0,0,0,0,0,0,0,0,0,0,0,0,0,0,0,0,0,0,1,0,0,0,0,0,0,0,0,0,0,0,0,0,0
5,5,36,3,0,9,0,16,28,0,15,0,9,3,0,10,0,32,1,0,5,0,14,3,0,0,0,11,38,0,7,0,6,21,0,11,0,4,0,0,0,0,4,0,0,0,0,2,0,0,1,0,4,0,0,0,0,0,2,0,0,0,2,2,0,0,0,2,2,0,0,0,2,0,0,1,0,0,1,0,2,0,1,0,0,0,0,1,0,0,0,0,2,0,0,0,0,1,0,0,0,0,0,0,0,0,0,1,0,0,0,0,2,0,0,0,0,2,0,0,0,0,1,0,0,0,0,1,0,0,0,0,1,0,0,0,0,0,1,0,0,0,1,0,0,0,0,0,0,0,0,0,1,0,0,0,0,1,0,0,0,0,1,0,0,0,0,6,0,0,1,0,3,2,0,2,0,0,0,0,0,0,1,0,0,3,0,2,1,0,2,0,1,1,0,0,0,0,2,0,1,0,2,0,0,3,0,2,0,0,2,0,1,2,0,0,0,2,0,0,1,0,0,0,0,1,0,2,1,0,1,0,5,1,0,0,0,3,0,0,1,0,2,3,0,0,0,2,2,0,3,0,1,0,0,3,0,3,0,0,2,0,3,1,0,2,0,3,0,0,0,0,1,0,0,1,0,1,1,0,0,0,1,0,0,0,0,0,3,0,1,0,0,3,0,1,0,0,0,0,0,0,3,0,0,0,0,1,0,0,4,0,0,1,0,2,0,1,3,0,1,0,7,0,0,1,0,5,1,0,0,0,5,0,0,1,0,0,5,0,1,0,0,0,0,0,0,0,0,0,0,0,1,0,0,0,0,6,0,0,2,0,0,2,0,3,0,1,0,0,0,0,3,1,0,0,0,1,2,0,0,0,1,0,0,1,0,1,0,0,2,0,2,2,0,0,0,4,1,0,0,0,5,1,0,1,0,0,2,0,0,0,1,2,0,0,0,4,2,0,0,0,3,1,0,0,0,3,3,0,0,0,2,0,0,0,0,1,0,0,0,0,1,0,0,0,0,1,3,0,3,0,3,1,0,0,0,3,1,0,3,0,6,4,0,1,0,6,0,0,2,0,6,0,0,2,0,7,1,0,1,0
6,6,0,0,0,0,0,0,1,0,0,0,0,0,0,0,0,0,0,0,0,0,0,0,0,0,0,1,0,0,0,0,0,0,0,0,0,1,0,0,0,0,1,0,0,1,0,1,0,0,1,0,0,0,0,0,0,0,0,0,0,0,2,0,0,0,0,0,0,0,0,0,1,0,0,1,0,0,0,0,1,0,0,0,0,0,0,0,0,0,0,0,0,0,0,0,0,0,0,0,0,0,0,0,0,0,0,0,0,0,0,0,0,0,0,0,0,0,0,0,0,0,0,0,0,0,0,0,0,0,0,0,0,0,0,0,0,0,0,0,0,0,0,0,0,0,0,0,0,0,0,0,0,0,0,0,0,0,0,0,0,0,0,0,0,0,0,0,0,0,0,0,0,0,0,0,0,1,0,0,0,0,2,0,0,0,0,2,0,0,0,0,0,0,0,0,0,0,0,0,1,0,2,0,0,0,0,1,0,0,3,0,0,2,0,0,0,0,0,0,0,0,1,0,0,0,0,0,0,0,0,0,3,0,0,0,0,2,0,0,1,0,2,1,0,0,0,3,0,0,0,0,1,1,0,1,0,1,0,0,3,0,3,1,0,0,0,0,0,0,0,0,1,0,0,0,0,0,0,0,0,0,0,0,0,0,0,0,0,0,0,0,1,0,0,0,0,0,0,0,0,0,1,0,0,0,0,0,0,0,1,0,1,0,0,1,0,1,1,0,0,0,2,0,0,0,0,0,0,0,1,0,2,0,0,0,0,0,1,0,0,0,0,0,0,0,0,0,0,0,0,0,0,0,0,0,0,4,0,0,0,0,1,2,0,0,0,2,0,0,0,0,19,2,0,2,0,15,17,0,0,0,19,0,0,2,0,17,9,0,7,0,16,8,0,5,0,11,8,0,3,0,3,0,0,1,0,0,1,0,0,0,1,4,0,0,0,4,1,0,0,0,1,4,0,0,0,3,0,0,2,0,1,1,0,0,0,1,0,0,0,0,2,0,0,0,0,0,1,0,0,0,1,1,0,0,0,0,0,0,3,0,0,2,0,0,0,4,0,0,0,0,2,0,0,0,0,4,0,0,0,0
7,7,3,0,0,0,0,0,1,0,1,0,0,0,0,0,0,2,1,0,0,0,0,0,0,0,0,0,2,0,1,0,2,1,0,0,0,0,0,0,0,0,0,0,0,0,0,0,0,0,0,0,0,0,0,1,0,0,1,0,0,0,1,1,0,0,0,1,1,0,0,0,0,0,0,0,0,0,1,0,1,0,0,0,0,1,0,0,0,0,0,0,0,0,0,0,0,0,0,0,0,0,0,0,0,0,0,0,0,0,0,0,0,0,0,0,0,0,0,0,0,0,0,0,0,1,0,0,0,0,0,0,0,0,0,1,0,0,0,0,0,0,0,0,0,0,0,0,0,0,0,0,0,0,0,0,0,0,0,0,0,0,0,0,0,0,0,1,0,0,0,0,0,0,0,2,0,1,0,0,1,0,1,0,0,0,0,0,2,0,1,0,0,0,0,0,0,0,1,0,0,0,0,0,0,1,0,2,0,0,0,0,0,2,0,0,0,1,0,0,0,0,0,0,0,0,0,0,0,0,0,0,2,0,0,0,0,2,0,0,1,0,0,1,0,0,0,1,2,0,0,0,2,0,0,1,0,1,0,0,1,0,2,0,0,0,0,27,8,0,3,0,21,7,0,12,0,0,32,0,13,0,18,13,0,17,0,0,28,0,15,0,1,33,0,12,0,0,0,0,0,0,2,3,0,0,0,0,1,0,0,0,0,1,0,2,0,0,1,0,0,0,1,0,0,0,0,1,0,0,0,0,0,0,0,1,0,1,0,0,0,0,0,0,0,0,0,0,0,0,1,0,0,1,0,0,0,1,0,0,0,0,0,1,0,0,0,0,0,0,0,0,1,0,0,1,0,1,0,0,0,0,1,0,0,0,0,1,0,0,1,0,0,0,0,1,0,1,0,0,0,0,2,0,0,0,0,0,1,0,0,0,2,0,0,0,0,1,0,0,2,0,0,3,0,0,0,2,0,0,1,0,0,0,0,0,0,0,0,0,0,0,0,0,0,0,0,0,2,0,0,0,0,0,0,0,0,0,0,0,0,0,0,1,0,0,0,1,0,0,0,0,1,0,0,0,0,0,0,0,0,0
8,8,2,0,0,0,0,0,2,0,0,0,0,0,0,0,0,2,0,0,0,0,0,0,0,0,0,0,1,0,2,0,2,0,0,0,0,0,0,0,0,0,0,0,0,0,0,0,0,0,0,0,0,0,0,0,0,0,0,0,0,0,0,0,0,0,0,0,0,0,0,0,0,0,0,0,0,0,0,0,0,0,0,0,0,0,0,0,0,0,0,0,0,0,0,0,0,0,0,0,0,0,0,0,0,0,0,0,0,0,0,0,0,0,0,0,0,0,0,0,0,0,0,0,0,0,0,0,0,0,0,0,0,0,0,0,0,0,0,0,0,0,0,0,0,0,0,0,0,0,0,0,0,0,0,0,0,0,0,0,0,0,0,0,0,0,0,0,0,0,0,0,0,0,0,0,0,0,0,0,0,0,0,0,0,0,0,0,0,0,0,0,0,0,0,0,0,0,0,0,0,0,0,0,0,1,0,0,0,0,0,0,0,0,0,0,0,0,0,0,0,0,0,0,0,0,0,0,0,0,0,0,0,0,0,0,0,0,0,0,0,0,0,0,0,0,0,0,0,0,0,0,0,0,0,0,0,0,0,0,0,0,0,0,0,0,0,0,0,0,0,0,0,0,0,0,0,0,0,0,0,0,0,0,0,0,0,0,0,0,0,0,0,0,0,0,0,0,3,0,0,0,10,0,0,0,0,1,21,0,22,0,18,19,0,14,0,0,0,0,0,0,0,0,0,0,0,0,0,0,0,0,0,0,0,0,0,0,0,0,0,0,0,0,0,0,0,0,0,0,0,0,0,0,0,0,0,1,0,0,0,0,0,0,0,1,0,0,0,0,0,0,0,0,0,0,0,0,0,0,0,0,0,0,0,0,0,0,0,0,0,0,0,0,0,0,0,0,0,0,0,0,1,0,0,1,0,0,0,0,0,0,0,0,0,0,0,1,0,0,0,0,1,0,0,0,0,1,0,0,0,0,0,0,0,0,0,0,0,0,0,0,0,0,0,0,0,0,0,0,0,0,0,0,0,0,0,0,0,0,0,0,0,0,0,0,0,0,0,0,0,0,0,0,0,0,0,0,0,0,0,0
9,9,0,0,0,0,0,0,0,0,0,0,0,0,0,0,0,0,0,0,0,0,1,0,0,0,0,1,0,0,0,0,0,0,0,0,0,1,0,0,0,0,0,0,0,0,0,0,0,0,0,0,0,0,0,0,0,0,0,0,0,0,0,0,0,0,0,0,1,0,0,0,0,0,0,0,0,1,0,0,0,0,0,0,0,0,0,0,0,0,0,0,0,0,0,0,0,0,0,0,0,0,0,0,0,0,0,0,0,0,0,0,0,0,0,0,0,0,0,0,0,0,0,0,0,0,0,0,0,0,0,0,0,0,0,0,0,0,0,0,0,0,0,0,0,0,0,0,0,0,0,0,0,0,0,0,0,0,0,0,0,0,0,0,0,0,0,1,0,0,0,0,1,0,0,0,0,0,0,0,0,0,1,0,0,0,0,0,0,0,0,0,1,0,0,0,0,0,0,0,0,0,0,0,0,0,0,0,0,0,0,0,0,0,0,0,0,1,0,0,0,0,0,0,0,0,0,0,0,0,0,0,0,0,0,0,0,0,0,0,0,0,0,0,0,0,0,1,0,0,0,0,0,0,0,0,0,0,0,0,0,0,1,0,0,0,0,0,0,0,0,0,0,0,0,0,0,0,0,0,0,0,0,0,0,0,0,0,0,0,0,0,0,0,0,0,0,0,0,0,0,0,0,1,0,0,0,0,0,0,0,0,0,0,0,0,0,0,0,0,0,0,0,0,0,0,0,0,0,0,0,0,0,0,0,0,0,0,0,0,0,0,0,0,0,0,0,0,0,0,0,0,0,0,0,0,0,0,0,0,0,0,2,0,0,0,0,0,0,0,0,0,0,0,0,0,0,3,1,0,0,0,0,0,0,0,0,3,1,0,0,0,0,2,0,0,0,1,0,0,0,0,45,1,0,2,0,6,33,0,1,0,16,38,0,4,0,48,7,0,5,0,15,52,0,1,0,51,1,0,9,0,1,0,0,0,0,1,0,0,0,0,0,0,0,0,0,0,1,0,1,0,1,0,0,0,0,1,0,0,0,0,2,1,0,0,0,2,0,0,0,0,2,0,0,0,0,3,0,0,0,0
10,10,1,0,0,1,0,0,1,0,1,0,0,0,0,0,0,1,0,0,0,0,0,0,0,0,0,2,0,0,0,0,1,0,0,1,0,0,0,0,0,0,0,0,0,1,0,0,0,0,1,0,0,0,0,0,0,0,0,0,0,0,0,0,0,0,0,0,0,0,0,0,1,0,0,0,0,0,0,0,0,0,1,0,0,0,0,1,0,0,0,0,0,0,0,0,0,1,0,0,0,0,1,0,0,0,0,1,0,0,0,0,0,0,0,1,0,0,0,0,0,0,1,0,0,0,0,1,0,0,0,0,0,0,0,1,0,0,1,0,0,0,1,0,0,0,0,1,0,0,0,0,0,0,0,1,0,0,0,0,1,0,1,0,0,0,0,0,0,0,1,0,0,0,0,1,0,0,0,0,0,0,0,0,0,0,0,0,0,0,0,0,0,0,0,0,0,0,0,0,0,0,0,0,0,0,0,0,0,0,0,0,0,0,0,0,0,0,0,0,0,0,0,0,0,0,0,0,0,0,0,0,0,0,0,0,0,0,0,0,0,0,0,0,0,0,0,0,0,0,0,0,0,0,0,0,0,0,0,0,0,0,0,0,0,0,0,1,0,0,0,0,0,0,0,1,0,0,1,0,0,0,0,0,0,1,0,0,0,0,1,0,0,1,0,0,0,0,0,0,0,0,0,0,0,0,0,0,1,0,1,0,1,0,0,1,0,0,1,0,0,0,1,0,0,0,0,0,0,0,1,0,1,0,0,0,0,0,1,0,0,0,0,0,0,0,0,4,12,0,8,0,5,21,0,4,0,0,0,0,0,0,0,0,0,0,0,0,0,0,0,0,1,0,0,0,0,0,0,0,0,0,1,0,0,0,0,0,0,0,0,0,0,0,0,0,0,0,0,0,0,0,0,0,0,0,0,1,0,0,0,0,0,0,0,0,0,0,0,0,1,0,0,1,0,0,0,1,0,0,0,0,1,0,0,0,0,0,0,0,0,0,0,0,0,1,0,0,0,0,0,0,0,0,0,0,0,0,0,0,0,0,0,0,0,0,0,0,0,0,0,0,0,0,0,0,0,0,0,0,0,0
11,11,3,0,0,0,0,0,2,0,2,0,0,0,0,0,0,1,2,0,1,0,0,0,0,0,0,0,3,0,0,0,2,1,0,0,0,1,0,0,0,0,1,0,0,1,0,1,0,0,1,0,2,0,0,0,0,0,1,0,0,0,1,1,0,0,0,0,3,0,0,0,1,0,0,1,0,0,0,0,2,0,0,0,0,0,0,0,0,0,0,0,0,0,0,0,0,0,1,0,0,0,0,0,0,0,0,0,0,0,0,0,0,0,0,1,0,0,0,0,0,0,0,0,0,0,0,0,0,0,0,0,0,0,0,0,0,0,0,0,0,0,0,0,0,0,0,0,0,0,0,0,0,0,0,0,0,0,0,0,1,0,0,0,0,0,0,2,0,0,0,0,1,0,0,0,0,2,0,0,1,0,4,0,0,0,0,5,1,0,1,0,1,0,0,0,0,0,2,0,1,0,7,0,0,0,0,2,1,0,4,0,0,2,0,0,0,0,0,0,0,0,3,0,0,0,0,1,0,0,1,0,6,0,0,0,0,3,1,0,1,0,1,5,0,0,0,4,2,0,0,0,4,0,0,3,0,7,0,0,1,0,5,1,0,0,0,1,0,0,0,0,0,0,0,0,0,0,0,0,0,0,0,0,0,2,0,0,0,0,0,0,0,0,0,0,0,0,0,0,0,0,0,1,0,0,0,0,1,0,0,0,0,0,0,0,0,1,0,0,0,0,1,0,0,1,0,0,0,0,1,0,0,0,0,1,0,0,1,0,0,0,0,0,0,0,0,1,0,0,0,0,1,0,0,0,0,4,0,0,0,0,1,3,0,0,0,1,1,0,0,0,8,1,0,1,0,0,3,0,0,0,8,0,0,2,0,2,6,0,1,0,2,5,0,1,0,3,2,0,2,0,4,0,0,1,0,0,2,0,0,0,3,1,0,0,0,3,0,0,2,0,2,2,0,1,0,2,0,0,3,0,3,0,0,0,0,2,0,0,1,0,3,0,0,1,0,7,14,0,7,0,9,5,0,2,0,5,5,0,21,0,7,20,0,4,0,27,0,0,9,0,18,2,0,7,0,23,6,0,2,0
12,12,0,0,0,0,0,0,4,0,0,0,3,0,0,3,0,3,0,0,0,0,3,0,0,0,0,2,0,0,0,0,0,0,0,0,0,1,0,0,0,0,0,0,0,0,0,0,0,0,0,0,0,0,0,0,0,0,0,0,0,0,0,2,0,0,0,1,0,0,0,0,0,0,0,0,0,0,2,0,0,0,0,0,0,0,0,0,0,0,0,0,0,0,0,0,0,1,0,0,0,0,0,0,0,0,0,1,0,0,0,0,0,0,0,0,0,0,0,0,0,0,0,0,0,0,0,0,0,0,0,0,0,0,0,0,0,0,0,0,0,0,0,0,0,0,0,0,0,0,2,0,0,0,0,0,0,0,0,0,0,0,0,0,0,0,0,0,0,0,0,0,2,0,0,1,0,2,0,0,0,0,0,0,0,1,0,0,0,0,0,0,1,0,0,0,0,0,0,0,0,0,0,0,0,0,0,0,0,0,0,0,0,0,0,0,0,0,1,0,0,0,1,0,0,0,0,1,0,0,0,0,0,0,0,0,0,0,0,0,0,0,0,0,0,0,0,0,0,0,0,0,0,0,0,0,0,0,0,0,0,0,0,0,0,0,0,1,0,0,0,0,0,0,0,0,0,0,0,0,1,0,0,0,0,0,0,0,0,0,0,0,0,0,0,0,0,0,0,0,0,0,7,1,0,0,0,0,0,0,0,0,3,0,0,0,0,0,1,0,0,0,1,0,0,0,0,1,0,0,0,0,0,0,0,1,0,1,0,0,0,0,0,0,0,0,0,0,0,0,1,0,2,0,0,0,0,0,0,0,0,0,0,0,0,0,0,1,2,0,0,0,0,0,0,0,0,1,0,0,0,0,2,0,0,0,0,0,0,0,0,0,0,0,0,0,0,1,0,0,0,0,0,0,0,0,0,1,0,0,0,0,2,0,0,0,0,0,0,0,0,0,0,0,0,0,0,0,0,0,0,0,0,0,0,0,0,0,0,0,0,0,0,0,0,0,0,0,1,0,0,0,0,0,0,0,0,0,1,0,0,0,0,1,0,0,0,1,0,0,0,0,2,0,0,0,0,1,0,0,0,0
13,13,5,0,0,0,0,2,2,0,0,0,0,0,0,2,0,8,0,0,0,0,2,1,0,1,0,0,2,0,0,0,3,3,0,1,0,0,1,0,0,0,3,1,0,0,0,1,0,0,1,0,0,0,0,1,0,1,3,0,1,0,0,1,0,0,0,2,4,0,0,0,2,0,0,0,0,0,0,0,0,0,1,0,0,0,0,0,0,0,0,0,0,0,0,0,0,0,0,0,0,0,0,0,0,0,0,0,0,0,0,0,0,0,0,1,0,0,0,0,0,0,0,0,0,1,0,1,0,0,0,0,1,0,0,0,0,0,1,0,0,0,0,0,0,0,0,0,0,0,0,0,0,0,0,0,0,2,0,0,0,0,0,0,0,0,0,0,0,0,0,0,0,0,0,0,0,7,0,0,5,0,7,0,0,0,0,10,2,0,4,0,4,0,0,0,0,2,3,0,3,0,8,0,0,2,0,8,0,0,3,0,1,3,0,0,0,1,2,0,2,0,9,0,0,0,0,3,0,0,2,0,11,1,0,2,0,13,3,0,2,0,2,1,0,3,0,6,3,0,1,0,13,0,0,2,0,6,0,0,6,0,8,3,0,0,0,3,0,0,0,0,2,0,0,3,0,0,0,0,1,0,2,1,0,1,0,1,0,0,1,0,0,4,0,0,0,0,0,0,0,0,0,0,0,0,0,0,0,0,0,0,1,0,0,0,0,0,0,0,0,0,1,0,0,0,0,0,0,0,1,0,0,0,0,0,0,0,1,0,0,0,0,0,0,0,0,0,0,0,0,0,0,0,0,0,0,2,0,0,0,0,1,1,0,0,0,0,0,0,0,0,2,0,0,0,0,0,0,0,0,0,0,0,0,0,0,0,0,0,1,0,0,1,0,0,0,0,1,0,0,0,1,0,0,0,0,0,0,0,0,0,0,0,0,0,0,2,0,0,1,0,0,1,0,0,0,2,0,0,1,0,5,0,0,0,0,4,0,0,0,0,10,0,0,0,0,0,0,0,0,0,0,1,0,1,0,2,2,0,2,0,4,5,0,0,0,5,0,0,0,0,3,0,0,0,0,8,1,0,0,0
