voter,juno_4,juno_16,juno_18,juno_19,juno_20,juno_72,juno_83,juno_85,juno_125,juno_141,juno_284,juno_292,juno_307,juno_7,juno_15,juno_30,juno_39,juno_59,juno_60,juno_89,juno_275,juno_279,juno_280,juno_286,juno_306,juno_312,juno_313,juno_314,juno_316,juno_318,juno_321,juno_322,juno_323,juno_324,juno_326,juno_328,juno_329,juno_330,juno_331,juno_335,juno_336,juno_337,juno_338,juno_339,juno_349,juno_351,juno_353,cluster_label
Chainflow,ABSTAIN,YES,NO_WITH_VETO,ABSTAIN,ABSTAIN,ABSTAIN,NO,YES,ABSTAIN,ABSTAIN,ABSTAIN,YES,ABSTAIN,,,,,,,,,,,,,,,,,,,,,,,,,,,,,,,,,,,3
Imperatorco,ABSTAIN,NO,NO,NO_VOTE,ABSTAIN,ABSTAIN,ABSTAIN,NO,ABSTAIN,ABSTAIN,ABSTAIN,YES,ABSTAIN,NO,NO,NO_WITH_VETO,ABSTAIN,NO,YES,ABSTAIN,YES,ABSTAIN,YES,NO,YES,YES,YES,ABSTAIN,YES,NO,NO,NO,NO,NO,ABSTAIN,YES,YES,ABSTAIN,ABSTAIN,ABSTAIN,ABSTAIN,YES,ABSTAIN,ABSTAIN,ABSTAIN,NO,ABSTAIN,3
 AutoStake  Slash Protected,NO_VOTE,,NO_VOTE,NO_VOTE,NO_VOTE,NO_VOTE,NO_VOTE,NO_VOTE,NO_VOTE,NO_VOTE,NO,YES,ABSTAIN,NO_VOTE,NO_VOTE,NO_VOTE,NO_VOTE,NO_VOTE,NO_VOTE,NO_VOTE,YES,YES,YES,ABSTAIN,YES,YES,YES,YES,ABSTAIN,ABSTAIN,ABSTAIN,ABSTAIN,ABSTAIN,ABSTAIN,YES,YES,YES,YES,ABSTAIN,ABSTAIN,ABSTAIN,NO_VOTE,NO_VOTE,NO_VOTE,ABSTAIN,ABSTAIN,ABSTAIN,3
Provalidator,,YES,NO_WITH_VETO,NO,ABSTAIN,ABSTAIN,ABSTAIN,ABSTAIN,NO,ABSTAIN,,YES,ABSTAIN,,YES,NO_WITH_VETO,YES,ABSTAIN,ABSTAIN,ABSTAIN,YES,ABSTAIN,ABSTAIN,ABSTAIN,NO,NO,YES,ABSTAIN,YES,,ABSTAIN,ABSTAIN,ABSTAIN,ABSTAIN,ABSTAIN,ABSTAIN,ABSTAIN,ABSTAIN,YES,,,,,,ABSTAIN,NO,ABSTAIN,3
Simply Staking,,YES,NO,,YES,ABSTAIN,NO,NO,NO,YES,NO,YES,NO,,,,ABSTAIN,NO,ABSTAIN,YES,ABSTAIN,ABSTAIN,NO,NO,NO,,,,,NO,NO,NO,NO,NO,YES,ABSTAIN,ABSTAIN,,NO,,,,,,,,,3
StakeLabzone,NO,NO,ABSTAIN,,NO,YES,,NO,NO,YES,,,,,YES,NO,YES,NO,YES,,,,,,,,,,,,,,,,,,,,YES,,,,,,,,,3
Sentinel dVPN,NO,NO,,,,,,,,,,,,NO_VOTE,,,,,,,,,,,,,,,,,,,,,,,,,,,,,,,,,,7
REDELEGATE,NO_VOTE,ABSTAIN,NO_WITH_VETO,NO_WITH_VETO,NO_VOTE,NO_VOTE,NO_VOTE,NO_VOTE,NO_VOTE,NO_VOTE,NO_VOTE,NO_VOTE,NO_VOTE,NO_VOTE,NO,NO_VOTE,NO_VOTE,NO_VOTE,NO_VOTE,NO_VOTE,NO_VOTE,NO_VOTE,NO_VOTE,NO_VOTE,NO_VOTE,NO_VOTE,NO_VOTE,NO_VOTE,NO_VOTE,NO_VOTE,NO_VOTE,NO_VOTE,NO_VOTE,NO_VOTE,NO_VOTE,NO_VOTE,NO_VOTE,NO_VOTE,NO_VOTE,NO_VOTE,NO_VOTE,NO_VOTE,NO_VOTE,NO_VOTE,NO_VOTE,NO_VOTE,NO_VOTE,3
BouBouNode,,NO,,,,,,,,,,,,,,,,,,,,,,,,,,,,,,,,,,,,,,,,,,,,,,2
SpacePotato,NO,NO,NO,NO,YES,ABSTAIN,NO,NO,ABSTAIN,YES,ABSTAIN,YES,NO_VOTE,NO,NO,NO_WITH_VETO,ABSTAIN,NO,ABSTAIN,ABSTAIN,NO,ABSTAIN,ABSTAIN,NO_VOTE,NO_VOTE,NO_VOTE,NO_VOTE,NO_VOTE,NO_VOTE,NO_VOTE,NO_VOTE,NO_VOTE,NO_VOTE,NO_VOTE,NO_VOTE,NO_VOTE,NO_VOTE,NO_VOTE,NO_VOTE,NO_VOTE,NO_VOTE,NO_VOTE,NO_VOTE,NO_VOTE,NO_VOTE,NO_VOTE,NO_VOTE,3
Crosnest,NO,NO,ABSTAIN,ABSTAIN,NO_VOTE,ABSTAIN,NO,NO_VOTE,NO,ABSTAIN,ABSTAIN,ABSTAIN,NO,NO,ABSTAIN,NO_WITH_VETO,ABSTAIN,WEIGHTED_VOTE,ABSTAIN,NO,YES,ABSTAIN,ABSTAIN,NO,NO,NO,YES,NO,YES,ABSTAIN,ABSTAIN,ABSTAIN,ABSTAIN,ABSTAIN,ABSTAIN,ABSTAIN,ABSTAIN,ABSTAIN,ABSTAIN,ABSTAIN,ABSTAIN,ABSTAIN,ABSTAIN,ABSTAIN,ABSTAIN,ABSTAIN,ABSTAIN,3
SG1,NO,YES,NO_WITH_VETO,NO,YES,ABSTAIN,NO,NO,ABSTAIN,YES,ABSTAIN,,NO,ABSTAIN,NO,NO_WITH_VETO,YES,ABSTAIN,ABSTAIN,NO,ABSTAIN,ABSTAIN,YES,NO_WITH_VETO,NO,ABSTAIN,ABSTAIN,NO,YES,,ABSTAIN,ABSTAIN,ABSTAIN,ABSTAIN,,ABSTAIN,ABSTAIN,,NO,,,,,,ABSTAIN,,YES,3
KalpaTech,NO,YES,,,YES,YES,NO,ABSTAIN,NO,ABSTAIN,ABSTAIN,,,ABSTAIN,ABSTAIN,,YES,YES,ABSTAIN,ABSTAIN,YES,ABSTAIN,YES,NO,,,,,,,ABSTAIN,ABSTAIN,ABSTAIN,ABSTAIN,YES,,YES,ABSTAIN,YES,ABSTAIN,ABSTAIN,ABSTAIN,ABSTAIN,ABSTAIN,ABSTAIN,,,3
Swiss Staking,NO_VOTE,YES,NO,NO,YES,NO_VOTE,NO,YES,NO,YES,YES,YES,NO,NO_VOTE,ABSTAIN,NO_WITH_VETO,YES,YES,ABSTAIN,YES,YES,ABSTAIN,NO,ABSTAIN,NO,NO,YES,NO,YES,NO_VOTE,ABSTAIN,YES,ABSTAIN,ABSTAIN,ABSTAIN,ABSTAIN,ABSTAIN,ABSTAIN,NO,ABSTAIN,YES,ABSTAIN,ABSTAIN,ABSTAIN,ABSTAIN,NO,YES,3
01node,ABSTAIN,YES,ABSTAIN,ABSTAIN,YES,YES,,NO,ABSTAIN,,ABSTAIN,YES,YES,,,NO,YES,ABSTAIN,ABSTAIN,YES,YES,NO,ABSTAIN,NO,,ABSTAIN,ABSTAIN,,,,ABSTAIN,ABSTAIN,ABSTAIN,ABSTAIN,YES,,,,,,,,,,,,,3
Inotel,NO_VOTE,NO_VOTE,NO_VOTE,ABSTAIN,NO_VOTE,NO_VOTE,NO_VOTE,NO_VOTE,NO_VOTE,NO_VOTE,NO_VOTE,NO_VOTE,NO_VOTE,NO_VOTE,NO_VOTE,NO_VOTE,NO_VOTE,NO_VOTE,NO_VOTE,NO_VOTE,NO_VOTE,NO_VOTE,NO_VOTE,NO_VOTE,NO_VOTE,NO_VOTE,NO_VOTE,NO_VOTE,NO_VOTE,NO_VOTE,NO_VOTE,NO_VOTE,NO_VOTE,NO_VOTE,NO_VOTE,NO_VOTE,NO_VOTE,NO_VOTE,NO_VOTE,NO_VOTE,NO_VOTE,NO_VOTE,NO_VOTE,NO_VOTE,NO_VOTE,NO_VOTE,NO_VOTE,1
Bi23 Labs,,YES,YES,YES,YES,,,,,,,,,,YES,YES,YES,YES,,,,,,,,,,,,,,,,,,,,,,,,,,,,,,3
kytzu,NO,,,,,,,,,,,,,ABSTAIN,,,,,,,,,,,,,,,,,,,,,,,,,,,,,,,,,,7
Secure Secrets,,NO,ABSTAIN,ABSTAIN,,,,,,,,,NO,,NO,,,,ABSTAIN,,,,,,YES,NO,YES,ABSTAIN,YES,ABSTAIN,YES,YES,YES,YES,YES,,,,,,,,,,,,,6
jabbey,ABSTAIN,NO,NO,NO,YES,NO_VOTE,NO,NO,NO,YES,,YES,NO,NO,NO,NO_VOTE,YES,NO,,,,,NO,NO,NO,NO,YES,YES,YES,NO_VOTE,,,,,,NO_VOTE,NO_VOTE,NO_VOTE,,YES,YES,YES,YES,YES,NO_VOTE,NO_VOTE,NO_VOTE,3
0basevc,NO,NO,NO_WITH_VETO,NO,YES,ABSTAIN,NO,YES,NO,YES,NO_VOTE,YES,ABSTAIN,YES,YES,NO_WITH_VETO,YES,NO,YES,NO,YES,ABSTAIN,NO,NO,YES,NO_VOTE,YES,ABSTAIN,YES,NO_VOTE,ABSTAIN,ABSTAIN,ABSTAIN,ABSTAIN,YES,ABSTAIN,ABSTAIN,ABSTAIN,YES,ABSTAIN,YES,YES,YES,YES,ABSTAIN,NO_VOTE,ABSTAIN,3
Smart Stake ,NO_VOTE,ABSTAIN,ABSTAIN,ABSTAIN,ABSTAIN,ABSTAIN,NO,NO,ABSTAIN,ABSTAIN,ABSTAIN,YES,ABSTAIN,NO_VOTE,NO_VOTE,NO_WITH_VETO,ABSTAIN,NO,YES,ABSTAIN,ABSTAIN,ABSTAIN,NO,NO,YES,NO,YES,YES,YES,NO,ABSTAIN,ABSTAIN,ABSTAIN,ABSTAIN,ABSTAIN,ABSTAIN,ABSTAIN,ABSTAIN,YES,ABSTAIN,ABSTAIN,YES,ABSTAIN,ABSTAIN,ABSTAIN,NO,ABSTAIN,3
 block pane ,NO,NO,NO,NO,NO,,NO,NO,NO,YES,ABSTAIN,ABSTAIN,NO,NO,ABSTAIN,NO_WITH_VETO,ABSTAIN,NO,YES,NO,YES,,,NO,,,,,,,,,,,,,,,,,,,,,,,,3
Redline Validation,NO_VOTE,NO_VOTE,NO_VOTE,NO_VOTE,NO_VOTE,NO_VOTE,ABSTAIN,ABSTAIN,ABSTAIN,ABSTAIN,ABSTAIN,ABSTAIN,ABSTAIN,NO_VOTE,NO_VOTE,NO_VOTE,ABSTAIN,ABSTAIN,ABSTAIN,ABSTAIN,ABSTAIN,ABSTAIN,ABSTAIN,ABSTAIN,NO_VOTE,NO_VOTE,NO_VOTE,NO_VOTE,NO_VOTE,NO_VOTE,NO_VOTE,NO_VOTE,NO_VOTE,NO_VOTE,NO_VOTE,NO_VOTE,NO_VOTE,NO_VOTE,NO_VOTE,NO_VOTE,NO_VOTE,NO_VOTE,NO_VOTE,NO_VOTE,NO_VOTE,NO_VOTE,NO_VOTE,3
WhisperNode ,,NO,NO_WITH_VETO,NO,YES,ABSTAIN,NO,NO,NO,YES,YES,YES,YES,ABSTAIN,ABSTAIN,NO_WITH_VETO,YES,NO,ABSTAIN,ABSTAIN,YES,YES,NO,NO,YES,NO,YES,YES,YES,NO,ABSTAIN,ABSTAIN,YES,ABSTAIN,ABSTAIN,NO_WITH_VETO,ABSTAIN,ABSTAIN,ABSTAIN,ABSTAIN,ABSTAIN,ABSTAIN,ABSTAIN,ABSTAIN,ABSTAIN,NO,ABSTAIN,3
StakeTown,NO_VOTE,,NO_VOTE,NO_VOTE,,NO_VOTE,NO_VOTE,,,,,,,NO_VOTE,NO_VOTE,NO_VOTE,,,,,,,,,,NO_VOTE,YES,NO,YES,NO,NO,NO,NO,NO,YES,NO,YES,YES,NO,ABSTAIN,ABSTAIN,ABSTAIN,ABSTAIN,ABSTAIN,NO_VOTE,NO_VOTE,NO_VOTE,3
stakefish,NO,NO,NO,NO_VOTE,YES,NO_VOTE,NO_VOTE,NO_VOTE,NO_VOTE,NO_VOTE,NO_VOTE,NO_VOTE,NO_VOTE,NO,NO_VOTE,NO_WITH_VETO,NO,NO_VOTE,NO_VOTE,NO_VOTE,NO_VOTE,NO_VOTE,NO_VOTE,NO_VOTE,NO_VOTE,NO_VOTE,NO_VOTE,NO_VOTE,NO_VOTE,NO_VOTE,NO_VOTE,NO_VOTE,NO_VOTE,NO_VOTE,NO_VOTE,NO_VOTE,NO_VOTE,NO_VOTE,NO_VOTE,NO_VOTE,NO_VOTE,NO_VOTE,NO_VOTE,NO_VOTE,NO_VOTE,NO_VOTE,NO_VOTE,3
Chill Validation,,NO,NO,NO,NO,YES,NO,NO,NO,YES,NO,YES,,NO,ABSTAIN,NO_WITH_VETO,YES,NO,YES,YES,YES,YES,NO,NO,YES,NO,YES,YES,YES,,,,,,YES,,,,,,,,,,,,,3
Figment,,NO_WITH_VETO,NO_WITH_VETO,,NO,,,,,,,,,,NO,,,,,,,,,,,,,,,,,,,,,,,,,,,,,,,,,3
DO NOT DELEGATE HERE,NO_VOTE,YES,,NO_VOTE,,NO_VOTE,,,,,,,,NO_VOTE,NO_VOTE,,,,,,,,,,,NO_VOTE,,,,NO_VOTE,,,,,,NO_VOTE,NO_VOTE,NO_VOTE,,,,,,,,NO_VOTE,NO_VOTE,3
a41,NO_VOTE,NO,ABSTAIN,ABSTAIN,NO,NO,NO,YES,NO,YES,,YES,ABSTAIN,NO_VOTE,NO_VOTE,NO_WITH_VETO,YES,YES,YES,YES,YES,NO_VOTE,NO,NO,NO,ABSTAIN,YES,ABSTAIN,ABSTAIN,ABSTAIN,NO_VOTE,NO_VOTE,NO_VOTE,NO_VOTE,NO_VOTE,NO_VOTE,NO_VOTE,NO_VOTE,NO_VOTE,NO_VOTE,NO_VOTE,NO_VOTE,NO_VOTE,NO_VOTE,NO_VOTE,NO_VOTE,NO_VOTE,3
Oldcat,NO,NO,ABSTAIN,ABSTAIN,YES,YES,NO,NO,NO,ABSTAIN,ABSTAIN,YES,NO,NO_VOTE,ABSTAIN,NO_WITH_VETO,YES,YES,YES,YES,YES,YES,YES,NO,NO,NO,YES,NO,ABSTAIN,YES,ABSTAIN,ABSTAIN,YES,ABSTAIN,YES,ABSTAIN,ABSTAIN,ABSTAIN,YES,ABSTAIN,ABSTAIN,ABSTAIN,ABSTAIN,ABSTAIN,YES,NO,YES,3
Tessellated,NO_VOTE,,,,,ABSTAIN,NO,NO,NO,YES,YES,YES,,NO_VOTE,,,,YES,ABSTAIN,ABSTAIN,YES,ABSTAIN,NO,NO,YES,ABSTAIN,ABSTAIN,,,ABSTAIN,ABSTAIN,ABSTAIN,ABSTAIN,ABSTAIN,ABSTAIN,,,ABSTAIN,NO,ABSTAIN,ABSTAIN,ABSTAIN,ABSTAIN,ABSTAIN,,NO,YES,3
Gelotto  Slash Protected,,,,,,YES,NO,NO,NO,YES,ABSTAIN,YES,YES,,,,YES,YES,NO,YES,YES,,YES,NO,NO,NO,NO,ABSTAIN,ABSTAIN,NO,YES,ABSTAIN,ABSTAIN,ABSTAIN,,NO,ABSTAIN,NO,YES,NO,YES,YES,NO,NO,,,,3
Golden Ratio Staking,,NO,NO_WITH_VETO,NO,YES,YES,NO,NO,NO,YES,NO,ABSTAIN,NO,YES,NO,,YES,NO,ABSTAIN,ABSTAIN,YES,NO,,ABSTAIN,YES,YES,YES,YES,ABSTAIN,NO,YES,YES,ABSTAIN,ABSTAIN,ABSTAIN,ABSTAIN,ABSTAIN,ABSTAIN,NO_WITH_VETO,ABSTAIN,ABSTAIN,ABSTAIN,ABSTAIN,ABSTAIN,,,,3
COSMSTAKE,,,,,,YES,NO,NO,NO,YES,YES,,,,,,YES,ABSTAIN,YES,YES,YES,ABSTAIN,YES,,,NO,YES,NO,YES,NO,YES,YES,YES,YES,YES,ABSTAIN,YES,ABSTAIN,YES,YES,YES,YES,YES,YES,YES,,YES,7
Obi,,,,,,,NO,,,,,,,,,,,NO,YES,,,,,,,,,,,,,,,,,,,,,,,,,,,,,3
CommunityStaking,NO_VOTE,YES,NO_WITH_VETO,NO,YES,ABSTAIN,NO,NO,ABSTAIN,ABSTAIN,ABSTAIN,YES,ABSTAIN,ABSTAIN,ABSTAIN,NO_WITH_VETO,YES,NO,ABSTAIN,NO,YES,YES,ABSTAIN,WEIGHTED_VOTE,YES,NO,YES,ABSTAIN,YES,ABSTAIN,ABSTAIN,ABSTAIN,ABSTAIN,ABSTAIN,ABSTAIN,ABSTAIN,ABSTAIN,ABSTAIN,ABSTAIN,ABSTAIN,ABSTAIN,ABSTAIN,ABSTAIN,ABSTAIN,YES,NO,YES,3
TheCybernetics,NO_VOTE,NO_VOTE,NO_VOTE,NO_VOTE,NO_VOTE,NO_VOTE,NO_VOTE,NO_VOTE,NO_VOTE,NO_VOTE,YES,YES,ABSTAIN,NO_VOTE,NO_VOTE,NO_VOTE,NO_VOTE,NO_VOTE,NO_VOTE,NO_VOTE,YES,NO,NO,ABSTAIN,YES,NO,NO_VOTE,NO,NO_VOTE,NO,YES,YES,YES,YES,YES,ABSTAIN,YES,YES,NO_WITH_VETO,NO,YES,NO_VOTE,YES,NO_VOTE,ABSTAIN,NO,NO_VOTE,1
decentralizehk  DHK dao,NO,NO,ABSTAIN,ABSTAIN,YES,,,,NO,YES,ABSTAIN,ABSTAIN,,NO_VOTE,ABSTAIN,NO,YES,YES,ABSTAIN,ABSTAIN,ABSTAIN,ABSTAIN,YES,NO,NO,NO,NO,NO,NO,YES,ABSTAIN,ABSTAIN,ABSTAIN,ABSTAIN,YES,ABSTAIN,ABSTAIN,NO_WITH_VETO,YES,ABSTAIN,ABSTAIN,ABSTAIN,ABSTAIN,ABSTAIN,ABSTAIN,ABSTAIN,YES,3
Stakelyio,,ABSTAIN,NO,,YES,YES,NO,,ABSTAIN,ABSTAIN,YES,ABSTAIN,,,ABSTAIN,NO_WITH_VETO,,NO,ABSTAIN,YES,ABSTAIN,ABSTAIN,ABSTAIN,NO,ABSTAIN,NO,ABSTAIN,NO,YES,YES,ABSTAIN,ABSTAIN,ABSTAIN,ABSTAIN,ABSTAIN,ABSTAIN,ABSTAIN,ABSTAIN,ABSTAIN,ABSTAIN,ABSTAIN,ABSTAIN,ABSTAIN,ABSTAIN,ABSTAIN,ABSTAIN,ABSTAIN,3
Kalia Network,,YES,,NO_WITH_VETO,,,,,,,,YES,ABSTAIN,,,,,,,,,,,NO,ABSTAIN,,,,,NO,YES,YES,YES,YES,YES,ABSTAIN,ABSTAIN,ABSTAIN,YES,ABSTAIN,ABSTAIN,ABSTAIN,ABSTAIN,ABSTAIN,ABSTAIN,NO,YES,1
ECO Stake ,NO_VOTE,,,NO_VOTE,,YES,NO,YES,NO,YES,YES,YES,ABSTAIN,NO_VOTE,NO_VOTE,NO_VOTE,YES,NO,YES,NO,YES,YES,NO,NO,YES,NO,YES,YES,ABSTAIN,NO,YES,YES,YES,YES,YES,YES,YES,NO,NO,ABSTAIN,ABSTAIN,ABSTAIN,ABSTAIN,ABSTAIN,ABSTAIN,NO,YES,3
NosNode,NO,NO,NO,NO,NO,ABSTAIN,,,NO,YES,ABSTAIN,YES,YES,NO,NO,NO_WITH_VETO,ABSTAIN,YES,ABSTAIN,YES,YES,ABSTAIN,NO,ABSTAIN,,ABSTAIN,YES,YES,YES,ABSTAIN,YES,YES,YES,YES,YES,,,ABSTAIN,NO_WITH_VETO,,,,,,NO,,ABSTAIN,3
Citadelone,NO,ABSTAIN,NO_WITH_VETO,NO,YES,YES,NO,NO,NO,YES,NO,ABSTAIN,YES,YES,ABSTAIN,NO_WITH_VETO,YES,ABSTAIN,YES,YES,YES,ABSTAIN,YES,ABSTAIN,ABSTAIN,NO_VOTE,NO_VOTE,NO_VOTE,NO_VOTE,NO_VOTE,ABSTAIN,ABSTAIN,ABSTAIN,ABSTAIN,ABSTAIN,ABSTAIN,ABSTAIN,ABSTAIN,ABSTAIN,ABSTAIN,ABSTAIN,ABSTAIN,ABSTAIN,ABSTAIN,ABSTAIN,NO,ABSTAIN,3
Informal Systems,NO,NO,NO_VOTE,NO_VOTE,NO,YES,NO,YES,NO,YES,ABSTAIN,YES,NO,NO_VOTE,NO_VOTE,NO_VOTE,NO,YES,ABSTAIN,YES,ABSTAIN,NO,NO,NO,NO,NO_VOTE,NO_VOTE,NO,YES,NO,NO,NO,NO,NO,YES,ABSTAIN,ABSTAIN,NO_VOTE,NO,ABSTAIN,ABSTAIN,ABSTAIN,ABSTAIN,ABSTAIN,NO_VOTE,NO,NO_VOTE,3
 LavenderFive Nodes ,ABSTAIN,NO,ABSTAIN,ABSTAIN,YES,YES,,,,YES,NO,YES,NO,NO,NO,NO_WITH_VETO,YES,NO_WITH_VETO,,,YES,YES,,NO,ABSTAIN,,NO,NO,,,YES,YES,YES,NO,YES,NO,YES,NO_WITH_VETO,NO,NO,,,,YES,,,YES,3
SolidStake,NO_VOTE,NO_VOTE,NO_VOTE,NO_VOTE,NO_VOTE,NO_VOTE,NO_VOTE,NO_VOTE,NO_VOTE,NO_VOTE,NO_VOTE,NO_VOTE,NO_VOTE,NO_VOTE,NO_VOTE,NO_VOTE,NO_VOTE,NO_VOTE,NO_VOTE,NO_VOTE,NO_VOTE,NO_VOTE,NO_VOTE,NO_VOTE,NO_VOTE,NO_VOTE,NO_VOTE,NO_VOTE,NO_VOTE,NO_VOTE,NO_VOTE,NO_VOTE,NO_VOTE,NO_VOTE,NO_VOTE,NO_VOTE,NO_VOTE,NO_VOTE,NO_VOTE,NO_VOTE,NO_VOTE,NO_VOTE,NO_VOTE,NO_VOTE,NO_VOTE,NO_VOTE,NO_VOTE,1
KingSuper,NO_VOTE,NO,ABSTAIN,NO_VOTE,ABSTAIN,NO_VOTE,NO_VOTE,NO_VOTE,ABSTAIN,NO_VOTE,YES,YES,ABSTAIN,NO_VOTE,ABSTAIN,NO_VOTE,NO_VOTE,ABSTAIN,ABSTAIN,NO_VOTE,YES,NO,YES,ABSTAIN,YES,NO_VOTE,NO_VOTE,NO,YES,NO_VOTE,ABSTAIN,NO_VOTE,ABSTAIN,ABSTAIN,ABSTAIN,ABSTAIN,ABSTAIN,NO_VOTE,ABSTAIN,ABSTAIN,ABSTAIN,YES,ABSTAIN,ABSTAIN,ABSTAIN,NO_VOTE,,1
Frens ,NO_VOTE,YES,NO,NO,WEIGHTED_VOTE,ABSTAIN,NO,NO,NO,ABSTAIN,YES,YES,NO_VOTE,NO_VOTE,NO_VOTE,NO,ABSTAIN,YES,ABSTAIN,ABSTAIN,NO,NO,ABSTAIN,ABSTAIN,YES,NO_VOTE,NO_VOTE,NO,NO_VOTE,ABSTAIN,YES,YES,ABSTAIN,ABSTAIN,YES,NO_VOTE,NO_VOTE,NO_VOTE,YES,NO_VOTE,NO_VOTE,NO_VOTE,NO_VOTE,NO_VOTE,ABSTAIN,NO,ABSTAIN,3
Zenscape,NO_VOTE,NO_VOTE,NO_VOTE,NO_VOTE,NO_VOTE,NO_VOTE,NO_VOTE,NO_VOTE,NO_VOTE,NO_VOTE,NO_VOTE,NO_VOTE,NO_VOTE,NO_VOTE,NO_VOTE,NO_VOTE,NO_VOTE,NO_VOTE,NO_VOTE,NO_VOTE,NO_VOTE,NO_VOTE,NO_VOTE,NO_VOTE,NO_VOTE,NO_VOTE,NO_VOTE,NO_VOTE,NO_VOTE,NO_VOTE,NO_VOTE,NO_VOTE,NO_VOTE,NO_VOTE,NO_VOTE,NO_VOTE,NO_VOTE,NO_VOTE,NO_VOTE,NO_VOTE,NO_VOTE,NO_VOTE,NO_VOTE,NO_VOTE,NO_VOTE,NO_VOTE,NO_VOTE,1
Cosmostation,NO_VOTE,NO,NO,NO,ABSTAIN,ABSTAIN,ABSTAIN,ABSTAIN,ABSTAIN,ABSTAIN,ABSTAIN,YES,ABSTAIN,NO_VOTE,ABSTAIN,NO,YES,ABSTAIN,ABSTAIN,ABSTAIN,ABSTAIN,ABSTAIN,ABSTAIN,ABSTAIN,NO,NO,YES,ABSTAIN,YES,ABSTAIN,ABSTAIN,ABSTAIN,ABSTAIN,ABSTAIN,YES,ABSTAIN,ABSTAIN,ABSTAIN,YES,ABSTAIN,ABSTAIN,ABSTAIN,ABSTAIN,ABSTAIN,ABSTAIN,NO,ABSTAIN,3
Kleomedes,NO_VOTE,YES,NO_WITH_VETO,NO,YES,NO_VOTE,NO,ABSTAIN,NO_VOTE,YES,ABSTAIN,YES,YES,NO_VOTE,NO,NO_WITH_VETO,ABSTAIN,YES,ABSTAIN,ABSTAIN,YES,ABSTAIN,ABSTAIN,NO,NO,NO,ABSTAIN,ABSTAIN,YES,NO,YES,YES,YES,NO,YES,YES,NO,NO_VOTE,NO,YES,NO,YES,YES,YES,NO,NO,YES,1
Bored Ape Server,NO_VOTE,NO_VOTE,NO_VOTE,NO_VOTE,YES,NO_VOTE,NO_VOTE,NO_VOTE,NO_VOTE,NO_VOTE,NO_VOTE,NO_VOTE,NO_VOTE,NO_VOTE,NO_VOTE,NO_VOTE,NO_VOTE,NO_VOTE,NO_VOTE,NO_VOTE,NO_VOTE,NO_VOTE,NO_VOTE,NO_VOTE,NO_VOTE,NO_VOTE,NO_VOTE,NO_VOTE,NO_VOTE,NO_VOTE,NO_VOTE,NO_VOTE,NO_VOTE,NO_VOTE,NO_VOTE,NO_VOTE,NO_VOTE,NO_VOTE,NO_VOTE,NO_VOTE,NO_VOTE,NO_VOTE,NO_VOTE,NO_VOTE,NO_VOTE,NO_VOTE,NO_VOTE,1
Levana  Powered by Cros Nest,NO_VOTE,NO_VOTE,NO_VOTE,NO_VOTE,NO_VOTE,NO_VOTE,NO_VOTE,NO_VOTE,NO_VOTE,NO_VOTE,NO_VOTE,NO_VOTE,NO_VOTE,NO_VOTE,NO_VOTE,NO_VOTE,NO_VOTE,NO_VOTE,NO_VOTE,NO_VOTE,NO_VOTE,NO_VOTE,NO_VOTE,NO_VOTE,NO_VOTE,NO_VOTE,NO_VOTE,NO_VOTE,NO_VOTE,NO_VOTE,NO_VOTE,NO_VOTE,NO_VOTE,NO_VOTE,NO_VOTE,NO_VOTE,NO_VOTE,NO_VOTE,NO_VOTE,NO_VOTE,NO_VOTE,NO_VOTE,NO_VOTE,NO_VOTE,NO_VOTE,NO_VOTE,NO_VOTE,1
BlueStake   100 insurance,NO_VOTE,ABSTAIN,NO_VOTE,ABSTAIN,NO_VOTE,YES,NO,NO,NO,YES,ABSTAIN,YES,YES,NO_VOTE,ABSTAIN,NO_WITH_VETO,YES,ABSTAIN,ABSTAIN,ABSTAIN,YES,ABSTAIN,YES,ABSTAIN,YES,NO_VOTE,NO_VOTE,NO_VOTE,NO_VOTE,NO_VOTE,NO,NO,NO,NO,YES,NO_VOTE,NO_VOTE,NO_VOTE,NO_VOTE,NO_VOTE,NO_VOTE,NO_VOTE,NO_VOTE,NO_VOTE,NO_VOTE,NO,YES,1
Oni ,NO_VOTE,,NO_VOTE,NO_VOTE,NO_VOTE,YES,NO,YES,NO,YES,YES,NO_VOTE,NO,NO_VOTE,NO_VOTE,NO_WITH_VETO,YES,NO,YES,YES,YES,YES,NO,NO_WITH_VETO,NO_VOTE,NO_VOTE,YES,YES,YES,ABSTAIN,NO_VOTE,NO_VOTE,NO_VOTE,NO_VOTE,YES,NO,YES,NO,NO_WITH_VETO,NO,YES,YES,YES,ABSTAIN,NO,NO,NO_VOTE,1
DOUBLETOP,NO_VOTE,,NO_VOTE,NO_VOTE,NO_VOTE,NO_VOTE,NO_VOTE,NO_VOTE,NO_VOTE,NO_VOTE,NO_VOTE,NO_VOTE,NO_VOTE,NO_VOTE,NO_VOTE,NO_VOTE,NO_VOTE,NO_VOTE,NO_VOTE,NO_VOTE,,NO_VOTE,NO_VOTE,NO_VOTE,YES,NO,YES,YES,YES,ABSTAIN,NO_VOTE,NO_VOTE,NO_VOTE,NO_VOTE,YES,ABSTAIN,ABSTAIN,ABSTAIN,NO_VOTE,ABSTAIN,ABSTAIN,ABSTAIN,ABSTAIN,ABSTAIN,ABSTAIN,NO_VOTE,NO_VOTE,1
artifact,NO_VOTE,,NO_VOTE,NO_VOTE,,NO_VOTE,NO_VOTE,NO_VOTE,NO_VOTE,NO_VOTE,,NO_VOTE,NO_VOTE,NO_VOTE,NO_VOTE,NO_VOTE,,,NO_VOTE,NO_VOTE,,NO_VOTE,NO_VOTE,NO_VOTE,NO_VOTE,NO_VOTE,NO_VOTE,NO_VOTE,NO_VOTE,NO_VOTE,NO_VOTE,NO_VOTE,NO_VOTE,NO_VOTE,NO_VOTE,NO_VOTE,NO_VOTE,NO_VOTE,NO_VOTE,NO_VOTE,NO_VOTE,NO_VOTE,NO_VOTE,NO_VOTE,NO_VOTE,NO_VOTE,NO_VOTE,1
White Whale,NO_VOTE,,NO_VOTE,NO_VOTE,,NO_VOTE,NO,NO,NO,YES,ABSTAIN,ABSTAIN,ABSTAIN,NO_VOTE,NO_VOTE,NO_VOTE,YES,,,NO,YES,ABSTAIN,NO,NO,YES,NO,NO,YES,YES,ABSTAIN,ABSTAIN,ABSTAIN,ABSTAIN,ABSTAIN,ABSTAIN,ABSTAIN,ABSTAIN,YES,ABSTAIN,ABSTAIN,YES,ABSTAIN,ABSTAIN,ABSTAIN,ABSTAIN,NO_VOTE,NO_VOTE,6
White Marlin Staking,NO_VOTE,,NO_VOTE,NO_VOTE,,NO_VOTE,,,,,,,,NO_VOTE,NO_VOTE,NO_VOTE,,,,,,,,,,NO_VOTE,NO_VOTE,NO_VOTE,NO_VOTE,NO_VOTE,,,,,,NO_VOTE,NO_VOTE,NO_VOTE,,NO_VOTE,NO_VOTE,NO_VOTE,NO_VOTE,NO_VOTE,NO_VOTE,NO_VOTE,NO_VOTE,1
Silk Nodes,NO_VOTE,,,,,YES,NO,NO,NO,YES,YES,YES,ABSTAIN,NO_VOTE,NO_VOTE,NO_WITH_VETO,YES,NO,ABSTAIN,NO,YES,YES,,NO_WITH_VETO,YES,NO,YES,NO,YES,NO_VOTE,,,,,,ABSTAIN,ABSTAIN,,NO,ABSTAIN,ABSTAIN,ABSTAIN,ABSTAIN,ABSTAIN,ABSTAIN,NO_VOTE,NO_VOTE,3
OmniFlix Network,NO_VOTE,NO,NO,,YES,ABSTAIN,NO,NO,,,,,NO,NO_VOTE,ABSTAIN,ABSTAIN,YES,ABSTAIN,ABSTAIN,ABSTAIN,YES,,ABSTAIN,,ABSTAIN,NO,YES,ABSTAIN,ABSTAIN,ABSTAIN,,,,,YES,,,,ABSTAIN,,,,,,,NO_VOTE,,3
BlockHunters ,NO_VOTE,,,,,,NO,NO,,YES,YES,,,NO_VOTE,,,,,,NO,ABSTAIN,NO,,,YES,NO,YES,NO,YES,,YES,YES,YES,YES,YES,,,,,YES,YES,YES,YES,YES,,,,7
GATA HUB,NO_VOTE,,,,,ABSTAIN,NO,ABSTAIN,NO,YES,ABSTAIN,YES,YES,NO_VOTE,,ABSTAIN,ABSTAIN,ABSTAIN,,ABSTAIN,YES,ABSTAIN,ABSTAIN,ABSTAIN,NO,NO,NO,NO,ABSTAIN,YES,ABSTAIN,ABSTAIN,ABSTAIN,ABSTAIN,YES,ABSTAIN,ABSTAIN,ABSTAIN,ABSTAIN,ABSTAIN,ABSTAIN,ABSTAIN,ABSTAIN,ABSTAIN,ABSTAIN,NO,ABSTAIN,3
CosmosPug ,NO_VOTE,,,,,,NO,NO,,YES,ABSTAIN,ABSTAIN,YES,,,,ABSTAIN,YES,ABSTAIN,ABSTAIN,YES,ABSTAIN,YES,ABSTAIN,,,,,,NO,ABSTAIN,ABSTAIN,ABSTAIN,ABSTAIN,ABSTAIN,ABSTAIN,ABSTAIN,ABSTAIN,,,,,,,,,,1
BasBlock,,YES,,,YES,,,,,,,,,,,,,,,,,,,,,,,,,,,,,,,,,,,,,,,,,,,2
Kintsugi Nodes,,NO,NO_WITH_VETO,NO,YES,NO_WITH_VETO,NO,NO,NO,YES,NO,ABSTAIN,NO,,NO,,NO,NO,ABSTAIN,YES,YES,NO,YES,NO,YES,NO,NO,,YES,NO,YES,YES,YES,YES,YES,NO,YES,ABSTAIN,NO_WITH_VETO,YES,YES,YES,YES,YES,NO,NO,YES,3
NodesGuru,,NO,NO,NO,YES,,ABSTAIN,,ABSTAIN,ABSTAIN,ABSTAIN,YES,ABSTAIN,,NO,NO_WITH_VETO,YES,,,ABSTAIN,YES,ABSTAIN,ABSTAIN,ABSTAIN,YES,YES,YES,YES,ABSTAIN,YES,ABSTAIN,ABSTAIN,ABSTAIN,ABSTAIN,ABSTAIN,ABSTAIN,ABSTAIN,ABSTAIN,ABSTAIN,ABSTAIN,ABSTAIN,ABSTAIN,ABSTAIN,ABSTAIN,ABSTAIN,NO,ABSTAIN,1
Coinage x DAIC,,,,,,,NO,ABSTAIN,YES,,YES,YES,ABSTAIN,,,NO_WITH_VETO,ABSTAIN,ABSTAIN,ABSTAIN,ABSTAIN,YES,ABSTAIN,ABSTAIN,ABSTAIN,ABSTAIN,,,,,,ABSTAIN,YES,ABSTAIN,ABSTAIN,,,,ABSTAIN,,,,,,,NO,NO,,3
blockscape,,NO,ABSTAIN,ABSTAIN,NO,YES,NO,ABSTAIN,ABSTAIN,YES,ABSTAIN,YES,NO,,ABSTAIN,NO,ABSTAIN,NO,YES,YES,YES,ABSTAIN,ABSTAIN,ABSTAIN,NO,,,ABSTAIN,,,NO,YES,NO,NO,YES,NO,YES,,ABSTAIN,NO,YES,NO,NO,YES,ABSTAIN,NO,YES,3
Stakecito,,YES,NO,NO,YES,ABSTAIN,ABSTAIN,YES,,YES,NO,YES,NO,,NO,NO_WITH_VETO,YES,ABSTAIN,YES,NO,ABSTAIN,ABSTAIN,ABSTAIN,NO_WITH_VETO,ABSTAIN,NO,YES,YES,YES,ABSTAIN,ABSTAIN,ABSTAIN,ABSTAIN,ABSTAIN,YES,ABSTAIN,YES,ABSTAIN,NO,ABSTAIN,YES,ABSTAIN,ABSTAIN,ABSTAIN,ABSTAIN,,YES,3
Meria,,,,,,,,,,,YES,YES,ABSTAIN,,,,,,,,,YES,,ABSTAIN,NO,NO,YES,NO,YES,YES,,,,,,,,,ABSTAIN,ABSTAIN,ABSTAIN,ABSTAIN,ABSTAIN,ABSTAIN,,NO,YES,7
Blockdaemon,,,,,YES,ABSTAIN,NO,NO,,YES,ABSTAIN,ABSTAIN,,,,NO_WITH_VETO,ABSTAIN,ABSTAIN,ABSTAIN,,ABSTAIN,ABSTAIN,NO,ABSTAIN,,,,,,,,,,,,,,,,,,,,,,,,3
BronBro,,,,,,,,,,,,,,,,,,,,,,,,,,,,,,,,,,,,,,,,,,,,,ABSTAIN,,,3
Cypher Core,,NO_WITH_VETO,NO_WITH_VETO,NO,YES,YES,,,NO,YES,YES,YES,NO,,NO_WITH_VETO,NO_WITH_VETO,ABSTAIN,NO,ABSTAIN,ABSTAIN,YES,ABSTAIN,YES,ABSTAIN,YES,NO,YES,YES,YES,NO,NO,NO,NO,NO,YES,ABSTAIN,ABSTAIN,YES,ABSTAIN,ABSTAIN,ABSTAIN,ABSTAIN,ABSTAIN,ABSTAIN,ABSTAIN,NO,ABSTAIN,3
Stakeflow,,,,,,,,,,,,,ABSTAIN,,,,,,,,,,,,,,,,,,ABSTAIN,ABSTAIN,ABSTAIN,ABSTAIN,YES,ABSTAIN,ABSTAIN,ABSTAIN,,YES,YES,YES,YES,YES,YES,,,7
ChainLayer,,ABSTAIN,NO_WITH_VETO,,YES,,,,,YES,ABSTAIN,YES,,,,NO_WITH_VETO,YES,,,,YES,NO,,,,,,,,,,,,,,,,,,,,,,,,,,3
strangelove,,NO,,,YES,,,,,,,,,,,,,,,,YES,,,,,,,,,,,,,,YES,ABSTAIN,,YES,NO_WITH_VETO,,YES,ABSTAIN,ABSTAIN,ABSTAIN,ABSTAIN,,,1
Allnodes,,ABSTAIN,ABSTAIN,ABSTAIN,ABSTAIN,,NO,NO,NO,,,YES,,,,NO_WITH_VETO,,,,ABSTAIN,,,,NO,,NO,YES,ABSTAIN,NO_WITH_VETO,NO,ABSTAIN,ABSTAIN,ABSTAIN,ABSTAIN,YES,ABSTAIN,ABSTAIN,ABSTAIN,NO,ABSTAIN,ABSTAIN,ABSTAIN,ABSTAIN,ABSTAIN,ABSTAIN,ABSTAIN,ABSTAIN,3
FreshSTAKING,,NO,,ABSTAIN,YES,NO,NO,YES,NO,YES,YES,ABSTAIN,NO,,NO,NO_WITH_VETO,ABSTAIN,NO,NO,NO,NO,ABSTAIN,NO,NO,ABSTAIN,NO,YES,ABSTAIN,YES,NO,ABSTAIN,NO,NO,NO,YES,ABSTAIN,ABSTAIN,ABSTAIN,ABSTAIN,NO,YES,NO,NO,NO,NO,NO,ABSTAIN,3
CryptoDungeon,,,,,,YES,ABSTAIN,ABSTAIN,NO,YES,YES,YES,YES,,,,ABSTAIN,ABSTAIN,YES,ABSTAIN,YES,NO,NO,NO,NO,NO,YES,YES,YES,NO,YES,YES,YES,YES,YES,ABSTAIN,YES,ABSTAIN,NO,YES,YES,YES,YES,YES,NO,NO,YES,1
Quebec,,,,,,,,,,,,,,,,,,,,,,,,,,NO,YES,YES,NO,NO,NO,NO,NO,YES,YES,YES,NO,ABSTAIN,NO_WITH_VETO,ABSTAIN,ABSTAIN,ABSTAIN,ABSTAIN,ABSTAIN,ABSTAIN,NO_WITH_VETO,,1
MrK,,NO,ABSTAIN,ABSTAIN,ABSTAIN,,,,,,,,,,NO,ABSTAIN,ABSTAIN,,ABSTAIN,,,,,,,,,,,,,,,,,,,,,,,,,,,,,3
commercionetwork,,YES,,NO,YES,,,,,,,,,,YES,,,,,,,,,,,,,,,,,,,,,,,,,,,,,,,,,7
SHUTTING DOWN AUDITone,,ABSTAIN,,ABSTAIN,YES,,YES,YES,ABSTAIN,ABSTAIN,ABSTAIN,ABSTAIN,ABSTAIN,,,NO_WITH_VETO,,,,ABSTAIN,ABSTAIN,ABSTAIN,ABSTAIN,ABSTAIN,,NO,ABSTAIN,ABSTAIN,ABSTAIN,,ABSTAIN,ABSTAIN,ABSTAIN,ABSTAIN,YES,YES,YES,YES,YES,,,,,,,,,3
S16 Research Ventures,,ABSTAIN,NO,,,ABSTAIN,NO,NO,NO,YES,YES,YES,NO,,,,,YES,YES,NO,YES,YES,YES,,NO,,,,,,,,,,,,,,,,,,,,,,,3
dForce,,,NO_WITH_VETO,,YES,,,,,,,,,,,NO_WITH_VETO,YES,,,,,,,,,,,,,,,,,,,,,,,,,,,,,,,7
ShapeShift DAO,,,,,ABSTAIN,,,NO,NO,,YES,,NO,,,NO_WITH_VETO,YES,NO,YES,YES,,,NO,,ABSTAIN,,,NO,ABSTAIN,,,,,,,,,,YES,ABSTAIN,ABSTAIN,ABSTAIN,ABSTAIN,ABSTAIN,,NO,YES,3
Tedcryptoio   TedLotto,,,,,,YES,NO,NO,NO,YES,YES,,NO,,,,YES,,YES,ABSTAIN,YES,YES,NO,ABSTAIN,,NO,ABSTAIN,YES,YES,NO,YES,YES,NO,NO,YES,NO,YES,ABSTAIN,NO,NO,YES,YES,YES,NO,ABSTAIN,ABSTAIN,YES,1
Interbloc,,,,,,YES,,,,,,,NO,,,,,YES,NO,,,,,ABSTAIN,YES,NO,ABSTAIN,ABSTAIN,YES,NO,,,,,,NO,NO,,NO_WITH_VETO,ABSTAIN,ABSTAIN,ABSTAIN,ABSTAIN,ABSTAIN,,,,1
StakeRelax ,,,,,,,NO,NO,NO,YES,NO,YES,NO,,,,YES,NO,YES,,,,ABSTAIN,NO_WITH_VETO,YES,NO,YES,NO,YES,,YES,YES,YES,YES,YES,NO,YES,ABSTAIN,NO,ABSTAIN,YES,ABSTAIN,ABSTAIN,ABSTAIN,ABSTAIN,,YES,7
TR3B ASTRA,,,,,,,,,NO,ABSTAIN,NO,ABSTAIN,,,,,ABSTAIN,YES,NO,YES,,YES,NO,NO_WITH_VETO,NO_WITH_VETO,,,,,,,,,,,,,,,,,,,,,,,2
Blockpower,,,,,,,YES,NO,,,YES,YES,YES,,,,,YES,YES,,YES,YES,NO,,YES,NO,YES,YES,YES,,,,,,,,,,,,,,,,,,,7
IcyCRO ,,,,,,YES,ABSTAIN,YES,,YES,YES,YES,YES,,,,,,,,YES,ABSTAIN,,ABSTAIN,YES,ABSTAIN,YES,YES,YES,YES,ABSTAIN,ABSTAIN,ABSTAIN,ABSTAIN,,,ABSTAIN,,NO,ABSTAIN,ABSTAIN,ABSTAIN,ABSTAIN,ABSTAIN,ABSTAIN,NO,ABSTAIN,7
Beehive,,,,,,,,,,,,,,,,,,,,,,,,,,,,,,,ABSTAIN,ABSTAIN,ABSTAIN,ABSTAIN,YES,ABSTAIN,ABSTAIN,,ABSTAIN,ABSTAIN,ABSTAIN,YES,ABSTAIN,ABSTAIN,ABSTAIN,,YES,3
Validatus,,,,,,,,,,,,,,,,,,,,,,,,,,,,,,,,,,,,,,,,,,,,,YES,NO,,2
CLOSING  REDELGATE,YES,NO,NO_VOTE,NO_VOTE,NO_VOTE,NO_VOTE,NO_VOTE,NO_VOTE,NO_VOTE,NO_VOTE,NO_VOTE,NO_VOTE,NO_VOTE,NO_VOTE,NO_VOTE,NO_VOTE,NO_VOTE,NO_VOTE,NO_VOTE,NO_VOTE,NO_VOTE,NO_VOTE,NO_VOTE,NO_VOTE,NO_VOTE,NO_VOTE,NO_VOTE,NO_VOTE,NO_VOTE,NO_VOTE,NO_VOTE,NO_VOTE,NO_VOTE,NO_VOTE,NO_VOTE,NO_VOTE,NO_VOTE,NO_VOTE,NO_VOTE,NO_VOTE,NO_VOTE,NO_VOTE,NO_VOTE,NO_VOTE,NO_VOTE,NO_VOTE,NO_VOTE,1
 kingnodes ,ABSTAIN,ABSTAIN,NO,NO,YES,ABSTAIN,NO,NO,NO,YES,NO,YES,YES,YES,NO,NO_WITH_VETO,YES,NO,ABSTAIN,NO,YES,ABSTAIN,NO,NO,ABSTAIN,NO,ABSTAIN,ABSTAIN,NO,ABSTAIN,ABSTAIN,ABSTAIN,ABSTAIN,ABSTAIN,YES,ABSTAIN,ABSTAIN,ABSTAIN,ABSTAIN,ABSTAIN,ABSTAIN,ABSTAIN,ABSTAIN,ABSTAIN,ABSTAIN,NO,ABSTAIN,1
Please Redelegate to other validator,YES,YES,ABSTAIN,,YES,,,,NO,YES,NO,YES,,,,NO_WITH_VETO,YES,YES,ABSTAIN,ABSTAIN,YES,,,ABSTAIN,,,,,,,,,,,,,,,,,,,,,,,,1
Wave,NO,,,NO,YES,,,,,,,,,YES,,NO,ABSTAIN,,,ABSTAIN,ABSTAIN,,,,,,,,,,,,,,,,,,,,,,,,,,,1
POSTHUMANDVS,ABSTAIN,ABSTAIN,ABSTAIN,NO_VOTE,YES,NO_VOTE,NO,NO_VOTE,NO,YES,NO_VOTE,NO_VOTE,YES,YES,NO_VOTE,YES,NO_VOTE,YES,NO_VOTE,NO,NO_VOTE,ABSTAIN,NO_VOTE,NO_VOTE,NO,NO,YES,ABSTAIN,YES,ABSTAIN,ABSTAIN,ABSTAIN,ABSTAIN,ABSTAIN,YES,ABSTAIN,ABSTAIN,ABSTAIN,YES,ABSTAIN,YES,ABSTAIN,ABSTAIN,ABSTAIN,ABSTAIN,NO_VOTE,YES,1
cyberG,YES,ABSTAIN,ABSTAIN,ABSTAIN,ABSTAIN,,,YES,,,YES,ABSTAIN,,,,,YES,YES,,YES,YES,,NO,ABSTAIN,,YES,YES,YES,YES,YES,YES,YES,YES,YES,,,,,,,,,,,,,,1
Messi,ABSTAIN,ABSTAIN,NO,NO_VOTE,YES,YES,NO_VOTE,NO_VOTE,NO_VOTE,,,,,NO_VOTE,NO,NO_VOTE,,ABSTAIN,ABSTAIN,NO_VOTE,ABSTAIN,NO_VOTE,,,NO_VOTE,NO_VOTE,NO_VOTE,NO_VOTE,NO_VOTE,NO_VOTE,,,,,,NO_VOTE,NO_VOTE,NO_VOTE,NO_VOTE,NO_VOTE,NO_VOTE,NO_VOTE,NO_VOTE,NO_VOTE,NO_VOTE,NO_VOTE,NO_VOTE,1
 CryptoCrew  100 MEV revenue to Juno stakers IBCgang REstake,NO,NO_WITH_VETO,NO_VOTE,ABSTAIN,ABSTAIN,NO,NO,NO,NO,YES,NO,ABSTAIN,NO,NO,NO_VOTE,NO_WITH_VETO,,ABSTAIN,ABSTAIN,NO,YES,NO,NO,NO_WITH_VETO,YES,NO,ABSTAIN,ABSTAIN,YES,ABSTAIN,ABSTAIN,YES,ABSTAIN,ABSTAIN,YES,NO,YES,ABSTAIN,NO,ABSTAIN,ABSTAIN,ABSTAIN,ABSTAIN,ABSTAIN,ABSTAIN,NO,ABSTAIN,1
EZ Staking,NO,YES,NO_WITH_VETO,NO_WITH_VETO,YES,,,,NO,,ABSTAIN,,,YES,ABSTAIN,NO_WITH_VETO,ABSTAIN,YES,NO,,ABSTAIN,NO,NO,ABSTAIN,,,,,,,ABSTAIN,ABSTAIN,ABSTAIN,ABSTAIN,,,,NO_WITH_VETO,,,,,,,,NO_WITH_VETO,,7
Regenerator  Green Validator ,YES,YES,NO,NO,YES,,NO,YES,NO,YES,YES,YES,ABSTAIN,YES,YES,NO,ABSTAIN,YES,ABSTAIN,YES,YES,YES,NO,NO,YES,ABSTAIN,YES,YES,YES,YES,ABSTAIN,ABSTAIN,ABSTAIN,ABSTAIN,YES,NO,YES,YES,NO,ABSTAIN,ABSTAIN,ABSTAIN,ABSTAIN,ABSTAIN,ABSTAIN,NO,,1
Cosmic Validator  100 MEV revenue to Juno stakers  Autocompound,NO,ABSTAIN,NO_WITH_VETO,NO_VOTE,YES,YES,NO,NO,NO,YES,YES,YES,ABSTAIN,NO_VOTE,NO,NO_WITH_VETO,YES,NO,ABSTAIN,ABSTAIN,YES,ABSTAIN,,NO_WITH_VETO,YES,NO,YES,YES,ABSTAIN,ABSTAIN,ABSTAIN,ABSTAIN,ABSTAIN,ABSTAIN,ABSTAIN,ABSTAIN,ABSTAIN,ABSTAIN,ABSTAIN,ABSTAIN,ABSTAIN,ABSTAIN,ABSTAIN,ABSTAIN,ABSTAIN,NO,ABSTAIN,1
Witval,NO,NO,,,NO,,,,,,,NO,NO,,ABSTAIN,,,,,,,,NO,ABSTAIN,YES,NO,YES,NO,YES,,ABSTAIN,YES,ABSTAIN,YES,YES,ABSTAIN,ABSTAIN,ABSTAIN,NO,ABSTAIN,ABSTAIN,ABSTAIN,ABSTAIN,ABSTAIN,ABSTAIN,,,1
Please redelegate closing down 306,ABSTAIN,NO,NO,NO,YES,YES,,,,,YES,,,ABSTAIN,NO,,YES,,,,YES,,,,,,,,,,,,,,,,,,,,,,,,,,,1
STC Capital,NO,YES,NO_WITH_VETO,NO_VOTE,NO_VOTE,NO_VOTE,NO,NO,NO,YES,NO_VOTE,NO_VOTE,NO_VOTE,ABSTAIN,NO_VOTE,NO_WITH_VETO,YES,NO_VOTE,NO_VOTE,YES,YES,NO,NO_VOTE,NO_VOTE,NO_VOTE,NO_VOTE,NO_VOTE,NO_VOTE,NO_VOTE,YES,NO_WITH_VETO,NO,NO,NO,YES,ABSTAIN,NO_VOTE,NO_VOTE,NO_VOTE,NO_VOTE,NO_VOTE,NO_VOTE,NO_VOTE,NO_VOTE,NO_VOTE,NO,NO_VOTE,1
Agaramai,ABSTAIN,NO,NO_WITH_VETO,NO,YES,,,,NO,YES,,,,NO,,,,,,YES,,,,,,,,,,,,,,,,,,,,,,,,,,,,1
please redelegate,ABSTAIN,NO,ABSTAIN,ABSTAIN,NO,YES,ABSTAIN,ABSTAIN,NO,YES,NO_VOTE,YES,ABSTAIN,YES,ABSTAIN,NO_WITH_VETO,ABSTAIN,ABSTAIN,YES,ABSTAIN,YES,ABSTAIN,NO_VOTE,NO_VOTE,ABSTAIN,NO_VOTE,NO_VOTE,NO_VOTE,NO_VOTE,NO_VOTE,NO_VOTE,NO_VOTE,NO_VOTE,NO_VOTE,NO_VOTE,NO_VOTE,NO_VOTE,NO_VOTE,NO_VOTE,NO_VOTE,NO_VOTE,NO_VOTE,NO_VOTE,NO_VOTE,NO_VOTE,NO_VOTE,NO_VOTE,1
DAO Maximalist,NO,ABSTAIN,NO_WITH_VETO,NO,YES,,,,,YES,,YES,,NO_VOTE,,,NO,YES,ABSTAIN,,YES,,,,,NO_VOTE,,,,NO,YES,NO,YES,YES,YES,,,,NO,,,,,,,NO_VOTE,NO_VOTE,1
Stakin,NO,YES,NO,NO,YES,YES,NO,ABSTAIN,NO,ABSTAIN,YES,ABSTAIN,YES,NO_VOTE,ABSTAIN,NO_WITH_VETO,ABSTAIN,ABSTAIN,YES,ABSTAIN,YES,ABSTAIN,NO,ABSTAIN,YES,NO,YES,ABSTAIN,YES,YES,,,,,,NO_VOTE,NO_VOTE,NO_VOTE,,NO_VOTE,NO_VOTE,NO_VOTE,NO_VOTE,NO_VOTE,NO_VOTE,NO_VOTE,NO_VOTE,7
needlecast,NO,NO_WITH_VETO,NO,ABSTAIN,YES,ABSTAIN,ABSTAIN,YES,NO,YES,YES,,,NO,NO,NO_WITH_VETO,ABSTAIN,NO_WITH_VETO,ABSTAIN,YES,NO,NO,NO,NO,,,,,,NO,,,,,,,,,,,,,,,,,,1
Disperze,NO,YES,NO,ABSTAIN,YES,NO_WITH_VETO,NO,NO,NO,ABSTAIN,ABSTAIN,NO,YES,NO,NO,NO_WITH_VETO,ABSTAIN,YES,NO,NO,NO,ABSTAIN,NO,ABSTAIN,ABSTAIN,NO,YES,NO,ABSTAIN,,YES,NO,NO,NO,YES,ABSTAIN,,,YES,ABSTAIN,ABSTAIN,ABSTAIN,ABSTAIN,ABSTAIN,ABSTAIN,,NO,1
dimi ,NO,NO,NO,NO,YES,,,,NO,YES,,,NO,ABSTAIN,NO,,,,,,,,,,,,NO_WITH_VETO,,,,,,,,,,,,,,,,,,,,,1
notional,YES,YES,NO_WITH_VETO,NO_WITH_VETO,YES,NO_VOTE,YES,YES,NO,YES,YES,YES,YES,NO_VOTE,YES,NO_VOTE,YES,YES,NO,ABSTAIN,YES,ABSTAIN,NO,ABSTAIN,ABSTAIN,NO,NO_WITH_VETO,YES,YES,NO,NO_VOTE,NO_VOTE,NO_VOTE,NO_VOTE,NO_VOTE,NO_VOTE,NO_VOTE,NO_VOTE,NO_VOTE,NO_VOTE,NO_VOTE,NO_VOTE,NO_VOTE,NO_VOTE,NO_VOTE,NO_VOTE,NO_VOTE,1
QuantumNodeio  Token and NFT airdrops to all delegators,NO_VOTE,YES,NO_WITH_VETO,NO,NO_VOTE,NO_VOTE,NO_VOTE,NO_VOTE,NO_VOTE,NO_VOTE,NO_VOTE,NO_VOTE,NO_VOTE,NO_VOTE,NO,NO_VOTE,NO_VOTE,NO_VOTE,NO_VOTE,NO_VOTE,NO_VOTE,NO_VOTE,NO_VOTE,NO_VOTE,NO_VOTE,NO_VOTE,NO_VOTE,NO_VOTE,NO_VOTE,NO_VOTE,NO_VOTE,NO_VOTE,NO_VOTE,NO_VOTE,NO_VOTE,NO_VOTE,NO_VOTE,NO_VOTE,NO_VOTE,NO_VOTE,NO_VOTE,NO_VOTE,NO_VOTE,NO_VOTE,NO_VOTE,NO_VOTE,NO_VOTE,1
windpowerstake,NO_VOTE,YES,NO_WITH_VETO,NO,YES,YES,NO,YES,NO,YES,YES,YES,YES,NO,NO,NO_WITH_VETO,YES,YES,YES,NO,NO,NO,YES,ABSTAIN,ABSTAIN,NO_WITH_VETO,ABSTAIN,NO,YES,NO,YES,YES,YES,YES,NO_VOTE,YES,YES,ABSTAIN,NO,YES,YES,YES,YES,YES,ABSTAIN,NO,NO,7
Sarvodaya Validators,NO_VOTE,NO_VOTE,NO_VOTE,NO_VOTE,NO_VOTE,NO_VOTE,NO_VOTE,NO_VOTE,NO_VOTE,NO_VOTE,NO_VOTE,NO_VOTE,NO_VOTE,NO_VOTE,NO_VOTE,NO_VOTE,NO_VOTE,NO_VOTE,NO_VOTE,NO_VOTE,NO_VOTE,NO_VOTE,NO_VOTE,NO_VOTE,NO_VOTE,NO_VOTE,NO_VOTE,NO_VOTE,NO_VOTE,NO_VOTE,NO_VOTE,NO_VOTE,NO_VOTE,NO_VOTE,NO_VOTE,NO_VOTE,NO_VOTE,NO_VOTE,NO_VOTE,NO_VOTE,NO_VOTE,NO_VOTE,NO_VOTE,NO_VOTE,YES,YES,NO_VOTE,1
Shutting Down Redelegate,NO_VOTE,ABSTAIN,NO,NO_VOTE,YES,NO_VOTE,NO_VOTE,NO_VOTE,NO_VOTE,YES,NO_VOTE,NO_VOTE,NO_VOTE,NO,NO_VOTE,NO_VOTE,NO_VOTE,NO_VOTE,NO_VOTE,NO_VOTE,NO_VOTE,NO_VOTE,NO_VOTE,NO_VOTE,NO_VOTE,NO_VOTE,NO_VOTE,NO_VOTE,NO_VOTE,NO_VOTE,NO_VOTE,NO_VOTE,NO_VOTE,NO_VOTE,NO_VOTE,NO_VOTE,NO_VOTE,NO_VOTE,NO_VOTE,NO_VOTE,NO_VOTE,NO_VOTE,NO_VOTE,NO_VOTE,NO_VOTE,NO_VOTE,NO_VOTE,1
Please Redelegate,NO_VOTE,NO_VOTE,NO_VOTE,NO_VOTE,NO_VOTE,NO_VOTE,NO_VOTE,NO_VOTE,NO_VOTE,NO_VOTE,NO_VOTE,NO_VOTE,NO_VOTE,NO_VOTE,NO_VOTE,NO_VOTE,NO_VOTE,NO_VOTE,NO_VOTE,NO_VOTE,NO_VOTE,NO_VOTE,NO_VOTE,NO_VOTE,NO_VOTE,NO_VOTE,NO_VOTE,NO_VOTE,NO_VOTE,NO_VOTE,NO_VOTE,NO_VOTE,NO_VOTE,NO_VOTE,NO_VOTE,NO_VOTE,NO_VOTE,NO_VOTE,NO_VOTE,NO_VOTE,NO_VOTE,NO_VOTE,NO_VOTE,NO_VOTE,NO_VOTE,NO_VOTE,NO_VOTE,1
Pale Blue Dot,NO_VOTE,NO_VOTE,NO_VOTE,NO_VOTE,NO_VOTE,NO_VOTE,NO_VOTE,NO_VOTE,NO_VOTE,NO_VOTE,NO_VOTE,NO_VOTE,NO_VOTE,NO_VOTE,NO_VOTE,NO_VOTE,NO_VOTE,NO_VOTE,NO_VOTE,NO_VOTE,NO_VOTE,NO_VOTE,NO_VOTE,NO_VOTE,NO_VOTE,NO_VOTE,NO_VOTE,NO_VOTE,NO_VOTE,NO_VOTE,NO_VOTE,NO_VOTE,NO_VOTE,NO_VOTE,NO_VOTE,NO_VOTE,NO_VOTE,NO_VOTE,NO_VOTE,NO_VOTE,NO_VOTE,NO_VOTE,NO_VOTE,NO_VOTE,YES,,,1
WeStaking,NO_VOTE,NO,NO,NO_VOTE,NO,YES,NO_VOTE,NO_VOTE,NO,YES,NO_VOTE,YES,NO_VOTE,YES,NO,NO,YES,YES,YES,NO_VOTE,YES,ABSTAIN,NO,NO_VOTE,NO_VOTE,NO_VOTE,NO_VOTE,NO_VOTE,NO_VOTE,NO_VOTE,NO_VOTE,NO_VOTE,NO_VOTE,NO_VOTE,NO_VOTE,NO_VOTE,NO_VOTE,NO_VOTE,NO_VOTE,NO_VOTE,NO_VOTE,NO_VOTE,NO_VOTE,NO_VOTE,NO_VOTE,NO_VOTE,NO_VOTE,3
DOMANODES,NO_VOTE,YES,ABSTAIN,NO_VOTE,YES,NO_VOTE,NO_VOTE,NO_VOTE,NO_VOTE,NO_VOTE,NO_VOTE,NO_VOTE,NO_VOTE,NO_VOTE,YES,NO_VOTE,NO_VOTE,NO_VOTE,NO_VOTE,NO_VOTE,NO_VOTE,NO_VOTE,NO_VOTE,NO_VOTE,NO_VOTE,NO_VOTE,NO_VOTE,NO_VOTE,NO_VOTE,NO_VOTE,NO_VOTE,NO_VOTE,NO_VOTE,NO_VOTE,NO_VOTE,NO_VOTE,NO_VOTE,NO_VOTE,NO_VOTE,NO_VOTE,NO_VOTE,NO_VOTE,NO_VOTE,NO_VOTE,NO_VOTE,NO_VOTE,NO_VOTE,1
BlackNodes,NO_VOTE,NO_VOTE,NO_VOTE,NO_VOTE,NO_VOTE,NO_VOTE,NO_VOTE,NO_VOTE,NO_VOTE,NO_VOTE,NO_VOTE,NO_VOTE,NO_VOTE,NO_VOTE,NO_VOTE,NO_VOTE,NO_VOTE,NO_VOTE,NO_VOTE,NO_VOTE,NO_VOTE,NO_VOTE,NO_VOTE,NO_VOTE,NO_VOTE,NO_VOTE,NO_VOTE,NO_VOTE,NO_VOTE,NO_VOTE,NO_VOTE,NO_VOTE,NO_VOTE,NO_VOTE,NO_VOTE,NO_VOTE,NO_VOTE,NO_VOTE,NO_VOTE,NO_VOTE,NO_VOTE,NO_VOTE,NO_VOTE,NO_VOTE,YES,NO_VOTE,NO_VOTE,1
SmartNodes  Slash Protected,NO_VOTE,YES,NO_WITH_VETO,NO_VOTE,YES,NO_VOTE,NO_VOTE,NO_VOTE,NO_VOTE,NO_VOTE,NO_VOTE,NO_VOTE,YES,NO,ABSTAIN,NO_VOTE,ABSTAIN,NO_VOTE,NO_VOTE,NO_VOTE,NO_VOTE,NO_VOTE,NO_VOTE,NO_VOTE,NO_VOTE,NO_VOTE,NO_VOTE,NO,YES,NO_VOTE,NO_VOTE,NO_VOTE,NO_VOTE,NO_VOTE,NO_VOTE,NO_VOTE,NO_VOTE,NO_VOTE,NO_VOTE,NO_VOTE,NO_VOTE,NO_VOTE,NO_VOTE,NO_VOTE,NO_VOTE,NO_VOTE,NO_VOTE,1
Decommissioned Please redelegate Forbole,NO_VOTE,NO_VOTE,NO_VOTE,NO_VOTE,NO_VOTE,YES,ABSTAIN,ABSTAIN,ABSTAIN,NO_VOTE,NO_VOTE,NO_VOTE,NO_VOTE,NO_VOTE,NO_VOTE,NO_VOTE,ABSTAIN,YES,ABSTAIN,ABSTAIN,NO_VOTE,NO_VOTE,NO_VOTE,NO_VOTE,NO_VOTE,NO_VOTE,NO_VOTE,NO_VOTE,NO_VOTE,NO_VOTE,NO_VOTE,NO_VOTE,NO_VOTE,NO_VOTE,NO_VOTE,NO_VOTE,NO_VOTE,NO_VOTE,NO_VOTE,NO_VOTE,NO_VOTE,NO_VOTE,NO_VOTE,NO_VOTE,NO_VOTE,NO_VOTE,NO_VOTE,1
Yurbason,NO_VOTE,NO_VOTE,NO_VOTE,NO,YES,NO_WITH_VETO,ABSTAIN,ABSTAIN,ABSTAIN,ABSTAIN,ABSTAIN,YES,YES,NO_VOTE,NO_VOTE,NO_WITH_VETO,YES,YES,YES,ABSTAIN,YES,ABSTAIN,YES,ABSTAIN,YES,NO,NO,NO,NO,YES,NO,NO,YES,YES,YES,NO,YES,NO_VOTE,YES,YES,NO,NO,YES,YES,ABSTAIN,NO,YES,1
SG1 does blowjobs for spare change,NO_VOTE,NO_VOTE,NO_VOTE,NO_VOTE,NO_VOTE,NO_VOTE,NO,NO,NO,ABSTAIN,NO,NO_VOTE,NO_VOTE,NO_VOTE,NO_VOTE,NO_WITH_VETO,YES,YES,NO,ABSTAIN,NO_VOTE,NO_VOTE,NO,ABSTAIN,NO_VOTE,NO_VOTE,NO_VOTE,NO_VOTE,NO_VOTE,NO_VOTE,NO_VOTE,NO_VOTE,NO_VOTE,NO_VOTE,NO_VOTE,NO_VOTE,NO_VOTE,NO_VOTE,NO_VOTE,NO_VOTE,NO_VOTE,NO_VOTE,NO_VOTE,NO_VOTE,NO_VOTE,NO_VOTE,NO_VOTE,1
Neta DAO,NO_VOTE,NO_VOTE,NO_VOTE,NO_VOTE,NO_VOTE,YES,NO,NO,NO,NO_VOTE,NO,NO,YES,NO_VOTE,NO_VOTE,NO_VOTE,ABSTAIN,YES,ABSTAIN,NO,YES,NO,NO,NO,NO,NO,NO,NO,YES,NO,YES,YES,YES,YES,YES,YES,ABSTAIN,NO,ABSTAIN,YES,ABSTAIN,YES,YES,YES,NO_WITH_VETO,NO,NO,1
ShuttingDown,NO_VOTE,YES,NO_WITH_VETO,NO_WITH_VETO,YES,ABSTAIN,NO,YES,ABSTAIN,NO_VOTE,NO_VOTE,NO_VOTE,NO_VOTE,NO_VOTE,ABSTAIN,NO_VOTE,NO_VOTE,NO,YES,ABSTAIN,NO_VOTE,ABSTAIN,NO_VOTE,NO_VOTE,NO_VOTE,NO_VOTE,NO_VOTE,NO_VOTE,NO_VOTE,NO_VOTE,NO_VOTE,NO_VOTE,NO_VOTE,NO_VOTE,NO_VOTE,NO_VOTE,NO_VOTE,NO_VOTE,NO_VOTE,NO_VOTE,NO_VOTE,NO_VOTE,NO_VOTE,NO_VOTE,NO_VOTE,NO_VOTE,NO_VOTE,1
Chandra Station,NO_VOTE,NO,NO_VOTE,NO,YES,NO_VOTE,NO_VOTE,NO_VOTE,NO_VOTE,NO_VOTE,NO_VOTE,NO_VOTE,NO_VOTE,NO_VOTE,NO,NO_VOTE,NO_VOTE,NO_VOTE,NO_VOTE,NO_VOTE,,NO_VOTE,NO_VOTE,NO_VOTE,NO_VOTE,NO_VOTE,NO_VOTE,NO_VOTE,NO_VOTE,NO_VOTE,NO_VOTE,NO_VOTE,NO_VOTE,NO_VOTE,NO_VOTE,NO_VOTE,NO_VOTE,NO_VOTE,NO_VOTE,NO_VOTE,NO_VOTE,NO_VOTE,NO_VOTE,NO_VOTE,NO_VOTE,NO_VOTE,NO_VOTE,1
UniverseDAO,NO_VOTE,YES,NO_WITH_VETO,NO_VOTE,YES,NO_VOTE,NO_VOTE,NO_VOTE,NO_VOTE,NO_VOTE,NO_VOTE,NO_VOTE,NO_VOTE,NO_VOTE,NO_VOTE,NO_WITH_VETO,NO_VOTE,NO_VOTE,NO_VOTE,NO_VOTE,,NO_VOTE,NO_VOTE,NO_VOTE,NO_VOTE,NO_VOTE,NO_VOTE,NO_VOTE,NO_VOTE,NO_VOTE,NO_VOTE,NO_VOTE,NO_VOTE,NO_VOTE,NO_VOTE,NO_VOTE,NO_VOTE,NO_VOTE,NO_VOTE,NO_VOTE,NO_VOTE,NO_VOTE,NO_VOTE,NO_VOTE,NO_VOTE,NO_VOTE,NO_VOTE,1
Invicta Stake,NO_VOTE,NO,NO,NO,NO,ABSTAIN,ABSTAIN,NO,NO,ABSTAIN,ABSTAIN,ABSTAIN,ABSTAIN,YES,NO,NO,ABSTAIN,NO,ABSTAIN,ABSTAIN,ABSTAIN,NO_VOTE,YES,ABSTAIN,NO,NO_VOTE,NO_VOTE,NO_VOTE,NO_VOTE,NO_VOTE,NO_VOTE,NO_VOTE,NO_VOTE,NO_VOTE,NO_VOTE,NO_VOTE,NO_VOTE,NO_VOTE,NO_VOTE,NO_VOTE,NO_VOTE,NO_VOTE,NO_VOTE,NO_VOTE,NO_VOTE,NO_VOTE,NO_VOTE,1
AnalyticDynamix,NO_VOTE,NO,ABSTAIN,NO_VOTE,NO,NO_VOTE,NO_VOTE,NO_VOTE,NO_VOTE,NO_VOTE,NO_VOTE,NO_VOTE,NO_VOTE,NO_VOTE,NO,NO_VOTE,NO_VOTE,NO_VOTE,NO_VOTE,NO_VOTE,,NO_VOTE,NO_VOTE,NO_VOTE,NO_VOTE,NO_VOTE,NO_VOTE,NO_VOTE,NO_VOTE,NO_VOTE,NO_VOTE,NO_VOTE,NO_VOTE,NO_VOTE,NO_VOTE,NO_VOTE,NO_VOTE,NO_VOTE,NO_VOTE,NO_VOTE,NO_VOTE,NO_VOTE,NO_VOTE,NO_VOTE,NO_VOTE,NO_VOTE,NO_VOTE,1
syncnode,NO_VOTE,,NO_VOTE,NO_VOTE,,NO_VOTE,NO_VOTE,NO_VOTE,NO_VOTE,NO_VOTE,,,,NO_VOTE,NO_VOTE,NO_VOTE,,,,NO_VOTE,,NO_VOTE,NO_VOTE,,NO_VOTE,NO_VOTE,NO_VOTE,NO_VOTE,NO_VOTE,NO_VOTE,NO_VOTE,NO_VOTE,NO_VOTE,NO_VOTE,NO_VOTE,NO_VOTE,NO_VOTE,NO_VOTE,NO_VOTE,NO_VOTE,NO_VOTE,NO_VOTE,NO_VOTE,NO_VOTE,NO_VOTE,NO_VOTE,NO_VOTE,1
offline,NO_VOTE,,NO_VOTE,NO_VOTE,,NO_VOTE,NO_VOTE,NO_VOTE,NO_VOTE,,,,,NO_VOTE,NO_VOTE,NO_VOTE,,,,NO_VOTE,,NO_VOTE,NO_VOTE,,NO_VOTE,NO_VOTE,NO_VOTE,NO_VOTE,NO_VOTE,NO_VOTE,NO_VOTE,NO_VOTE,NO_VOTE,NO_VOTE,NO_VOTE,NO_VOTE,NO_VOTE,NO_VOTE,NO_VOTE,NO_VOTE,NO_VOTE,NO_VOTE,NO_VOTE,NO_VOTE,NO_VOTE,NO_VOTE,NO_VOTE,1
 RHINO  10 to Wildlife,NO_VOTE,NO,NO,NO_VOTE,YES,NO_VOTE,NO,YES,NO,YES,YES,YES,NO,YES,NO,NO_WITH_VETO,,NO,NO,NO_VOTE,YES,YES,NO,NO,NO,NO,YES,YES,YES,NO,NO_VOTE,NO_VOTE,NO_VOTE,NO_VOTE,YES,NO_VOTE,NO_VOTE,NO_VOTE,ABSTAIN,ABSTAIN,ABSTAIN,ABSTAIN,ABSTAIN,ABSTAIN,NO,NO_WITH_VETO,ABSTAIN,1
Hindsight,NO_VOTE,,NO_VOTE,NO_VOTE,,NO_VOTE,NO_VOTE,NO_VOTE,,,,,,NO_VOTE,NO_VOTE,NO_VOTE,YES,,,NO_VOTE,,,,,,NO_VOTE,NO_VOTE,NO_VOTE,NO_VOTE,NO_VOTE,,,,,,NO_VOTE,NO_VOTE,NO_VOTE,,NO_VOTE,NO_VOTE,NO_VOTE,NO_VOTE,NO_VOTE,NO_VOTE,NO_VOTE,NO_VOTE,1
carbonZERO  30 TO DAO,NO_VOTE,,NO_VOTE,NO_VOTE,,NO_VOTE,NO_VOTE,NO_VOTE,,,,,,NO_VOTE,NO_VOTE,NO_VOTE,ABSTAIN,,,,,,,,,NO_VOTE,NO_VOTE,NO_VOTE,NO_VOTE,NO_VOTE,,,,,,NO_VOTE,NO_VOTE,NO_VOTE,,NO_VOTE,NO_VOTE,NO_VOTE,NO_VOTE,NO_VOTE,NO_VOTE,NO_VOTE,NO_VOTE,1
redelegateplease,NO_VOTE,,NO_VOTE,NO_VOTE,,NO_VOTE,NO_VOTE,,,,,,YES,NO_VOTE,NO_VOTE,NO_VOTE,,,,,,,,,YES,ABSTAIN,YES,ABSTAIN,YES,YES,ABSTAIN,ABSTAIN,ABSTAIN,ABSTAIN,YES,ABSTAIN,ABSTAIN,ABSTAIN,NO,NO_VOTE,NO_VOTE,NO_VOTE,NO_VOTE,NO_VOTE,NO_VOTE,NO_VOTE,NO_VOTE,1
ZenLounge,NO_VOTE,,,NO_VOTE,,NO_VOTE,,,,,,,,NO_VOTE,NO_VOTE,NO_VOTE,,,,,,,,,,NO_VOTE,,,NO_VOTE,NO_VOTE,,,,,YES,YES,ABSTAIN,NO_VOTE,,NO_VOTE,NO_VOTE,NO_VOTE,NO_VOTE,NO_VOTE,NO_VOTE,NO_VOTE,NO_VOTE,1
milkstake,NO_VOTE,ABSTAIN,NO,NO,YES,NO_VOTE,,,,,,,,NO_VOTE,ABSTAIN,,,,,,,,,,,NO_VOTE,,,,NO_VOTE,,,,,,NO_VOTE,NO_VOTE,NO_VOTE,,NO_VOTE,,NO_VOTE,,,,NO_VOTE,NO_VOTE,1
GOAT V ,NO_VOTE,,,,,,,,,,,,ABSTAIN,NO_VOTE,NO_VOTE,,,,,,,,,,,NO,ABSTAIN,NO,YES,ABSTAIN,YES,YES,YES,YES,YES,YES,YES,ABSTAIN,ABSTAIN,ABSTAIN,ABSTAIN,ABSTAIN,ABSTAIN,ABSTAIN,ABSTAIN,NO,YES,1
Enigma,NO_VOTE,,,,,YES,NO,NO,ABSTAIN,YES,YES,YES,ABSTAIN,NO_VOTE,,,,,,ABSTAIN,YES,ABSTAIN,YES,NO,YES,,,YES,,NO_VOTE,YES,NO,NO,NO,YES,ABSTAIN,ABSTAIN,ABSTAIN,,,,,,,,NO,NO_VOTE,7
ZenChainLabs,NO_VOTE,,,,,YES,,,NO,YES,YES,YES,ABSTAIN,NO_VOTE,,NO_WITH_VETO,YES,NO,YES,,YES,ABSTAIN,YES,NO,YES,,,,,NO_VOTE,,,,,,,,,,,,,,,,NO_VOTE,NO_VOTE,1
Plurigrid,NO_VOTE,,,,,,,,,,,,,NO_VOTE,,,,YES,,,,,,,,,,,,NO_VOTE,,,,,,,,,,,,,,,,NO_VOTE,,2
3stakescom,NO_VOTE,,NO_WITH_VETO,NO_WITH_VETO,YES,,,,,,YES,,,NO_VOTE,,NO_WITH_VETO,YES,NO,NO,,,,,,,,,,,NO_VOTE,,,,,,,,,,,,,,,,,,1
Cosmos Spaces   ,NO_VOTE,,,,,,,,NO,YES,YES,,NO,NO_VOTE,,,,,,,YES,YES,NO,,NO,NO,YES,YES,YES,,YES,YES,YES,YES,YES,,,ABSTAIN,NO,,,,,,,,,1
Interop shutting down Feb 28th 2024,NO_VOTE,,,,,,,,,,,,,NO_VOTE,,,,,,,,,,,,ABSTAIN,ABSTAIN,ABSTAIN,ABSTAIN,ABSTAIN,ABSTAIN,ABSTAIN,ABSTAIN,ABSTAIN,ABSTAIN,ABSTAIN,ABSTAIN,ABSTAIN,ABSTAIN,ABSTAIN,ABSTAIN,ABSTAIN,ABSTAIN,ABSTAIN,,,,1
Stake Frites  ,NO_VOTE,,,,,ABSTAIN,NO,NO,NO,,YES,YES,NO,NO_VOTE,,NO_WITH_VETO,,YES,ABSTAIN,YES,YES,ABSTAIN,NO,NO,NO,,YES,ABSTAIN,YES,,,,,,YES,,,,YES,ABSTAIN,ABSTAIN,,ABSTAIN,ABSTAIN,,,,0
Domerium Labs,NO_VOTE,,,,,,,,,,NO,YES,NO,NO_VOTE,,,,NO,ABSTAIN,,NO,NO,NO,NO_WITH_VETO,YES,NO,YES,NO,YES,,ABSTAIN,ABSTAIN,ABSTAIN,ABSTAIN,ABSTAIN,ABSTAIN,ABSTAIN,NO_WITH_VETO,NO,ABSTAIN,ABSTAIN,YES,YES,YES,,,,1
Decloud Nodes Lab,NO_VOTE,,,,,,,,,,,,,NO_VOTE,,,,,,,,,,,,,,,,,,,,,YES,NO,YES,YES,YES,,,,,,YES,,,4
nysanetwork,NO_VOTE,YES,NO_WITH_VETO,,YES,YES,,,,,NO,YES,,NO_VOTE,NO,NO_WITH_VETO,ABSTAIN,YES,YES,NO,YES,,YES,NO,YES,,,,,,YES,YES,YES,ABSTAIN,,,,,,,,,,,,,,7
 Stakepile  Autorestake enable,NO_VOTE,NO,ABSTAIN,NO,ABSTAIN,,,,,,,,YES,NO_VOTE,ABSTAIN,NO_WITH_VETO,,,,,,,YES,,,,,NO,YES,,,,,,,,,,,,,,,,,,,1
ChainTools,NO_VOTE,YES,NO,NO,YES,,,,,YES,NO,YES,ABSTAIN,NO,NO,NO_WITH_VETO,ABSTAIN,NO,NO,,YES,NO,NO,NO,,NO,NO_WITH_VETO,YES,YES,NO,YES,YES,YES,YES,YES,YES,YES,NO,YES,YES,YES,YES,YES,YES,ABSTAIN,,ABSTAIN,1
ALTER  pathrock,NO_VOTE,NO,,NO,YES,,,,YES,YES,YES,,YES,YES,NO,,YES,,,,YES,NO,YES,NO,NO_WITH_VETO,,,,,,,,,,,,,,,YES,YES,YES,YES,YES,,,,1
0 Fee  ACI69  Airdrops,NO_VOTE,,,,,,,,,,,,,,,,,,,,,,,,,,,,,,,,,,YES,ABSTAIN,ABSTAIN,ABSTAIN,YES,YES,YES,YES,YES,ABSTAIN,,,,2
Shutting down redelegate,NO_VOTE,,,,,,,,,,YES,,,,,,,,,,YES,NO,ABSTAIN,NO,,,,,,,,,,,,,,,,,,,,,,,,7
 Stake or Die ,NO_VOTE,,,,,,,,,,,,,,,,,,,,,,,,,,,,,,,,,,,,,,,,,,,,,,,0
Klub Staking  SHUTTING DOWN  Redelegate to Meria,NO_VOTE,NO,,,NO,,,ABSTAIN,NO,ABSTAIN,,,YES,,,NO,YES,ABSTAIN,ABSTAIN,ABSTAIN,,,YES,,NO,,,,,,,,,,,,,,,,,,,,,,,1
Cogwheel ,NO_VOTE,,,,,,,,,,,,,,,,,,,,,,,,,,,,,,,,,,,,,,,,,,,,YES,,,2
HashKey Cloud,,ABSTAIN,,,,,NO,NO,YES,YES,,YES,NO,YES,,,,,,ABSTAIN,ABSTAIN,ABSTAIN,YES,,NO,,,,,,,,,,ABSTAIN,ABSTAIN,ABSTAIN,ABSTAIN,ABSTAIN,,ABSTAIN,ABSTAIN,ABSTAIN,ABSTAIN,YES,,,7
 ,,NO,NO,NO,NO,YES,ABSTAIN,ABSTAIN,ABSTAIN,ABSTAIN,ABSTAIN,ABSTAIN,NO,,ABSTAIN,NO_WITH_VETO,ABSTAIN,ABSTAIN,ABSTAIN,ABSTAIN,YES,ABSTAIN,ABSTAIN,ABSTAIN,,,,,,,,,,,,,,,,,,,,,,,,1
elsehow,,YES,NO,NO,YES,,,YES,NO,YES,,,,NO,,,,NO,NO,NO,YES,,NO,,,,,,,,,,,,,,,,,,,,,,,,,1
OranG3cluB,,,,,,YES,NO,NO,YES,YES,YES,NO,NO,YES,,NO,YES,NO,YES,YES,YES,NO,NO,YES,NO,ABSTAIN,YES,NO,YES,YES,NO,YES,NO,YES,ABSTAIN,NO,YES,ABSTAIN,YES,NO,YES,YES,ABSTAIN,YES,ABSTAIN,NO,,1
NITAWA,,,,,,,,,,,,,,NO,,,,,,,,,,,,,,,,,,,,,,,,,,,,,,,,,,0
web34ever,,YES,NO_WITH_VETO,,YES,ABSTAIN,NO,NO,NO,YES,ABSTAIN,NO,NO,YES,YES,YES,YES,YES,NO,ABSTAIN,YES,ABSTAIN,YES,ABSTAIN,ABSTAIN,,,,,YES,NO_WITH_VETO,NO_WITH_VETO,NO,NO,YES,YES,YES,YES,YES,,,,,,YES,YES,YES,1
     polkachucom,,NO_WITH_VETO,NO,NO,YES,YES,NO,NO,NO,YES,YES,YES,NO,YES,NO,NO_WITH_VETO,YES,NO,NO,YES,YES,YES,NO,NO,YES,,YES,YES,YES,YES,NO,NO,NO,NO,YES,NO,YES,YES,NO,ABSTAIN,ABSTAIN,ABSTAIN,ABSTAIN,ABSTAIN,ABSTAIN,NO,YES,1
Stakers,,ABSTAIN,NO_WITH_VETO,NO_WITH_VETO,YES,,NO,NO,YES,YES,YES,YES,ABSTAIN,YES,NO,,YES,YES,ABSTAIN,ABSTAIN,YES,YES,YES,NO,YES,NO,YES,ABSTAIN,YES,YES,YES,YES,YES,YES,YES,ABSTAIN,ABSTAIN,YES,YES,YES,YES,YES,YES,YES,ABSTAIN,,YES,5
DEUS LABS,,NO,NO_WITH_VETO,NO,YES,,,,,,,,,ABSTAIN,NO,NO_WITH_VETO,ABSTAIN,,,,,,,,,,,,,,,,,,,,,,,,,,,,,,,1
stakesystems,,YES,NO_WITH_VETO,NO_WITH_VETO,YES,,NO,YES,ABSTAIN,,ABSTAIN,ABSTAIN,ABSTAIN,ABSTAIN,YES,NO_WITH_VETO,NO,YES,ABSTAIN,ABSTAIN,,ABSTAIN,,ABSTAIN,ABSTAIN,,,,,,ABSTAIN,ABSTAIN,ABSTAIN,ABSTAIN,YES,ABSTAIN,ABSTAIN,ABSTAIN,YES,ABSTAIN,ABSTAIN,ABSTAIN,ABSTAIN,ABSTAIN,ABSTAIN,,,1
  Mercury,,ABSTAIN,,NO,ABSTAIN,,,,,,,,,YES,YES,NO_WITH_VETO,,,,,,,,,,,YES,,,,,,,,,,,,,,,,,,,,,1
chainvibes,,ABSTAIN,NO,NO,,,,,ABSTAIN,YES,,YES,ABSTAIN,,YES,,YES,ABSTAIN,ABSTAIN,YES,YES,ABSTAIN,NO,ABSTAIN,YES,ABSTAIN,YES,,YES,ABSTAIN,ABSTAIN,YES,ABSTAIN,ABSTAIN,,ABSTAIN,ABSTAIN,ABSTAIN,ABSTAIN,,,,,,ABSTAIN,NO,YES,1
Consensus One,,ABSTAIN,,,YES,,,,,,,,,,ABSTAIN,,,,,,,,,,,,,,,,,,,,,,,,,,,,,,,,,1
testovich,,,,,,,,,,,,,,,,,,,,,,,,,,,,,,,,,,,,,,,ABSTAIN,ABSTAIN,ABSTAIN,ABSTAIN,ABSTAIN,ABSTAIN,,,,1
STAKECRAFT,,YES,NO_WITH_VETO,ABSTAIN,YES,YES,YES,NO,,YES,YES,YES,YES,,YES,NO_WITH_VETO,YES,YES,ABSTAIN,ABSTAIN,YES,ABSTAIN,NO,NO_WITH_VETO,YES,,YES,YES,YES,NO,YES,NO,NO,NO,YES,ABSTAIN,YES,ABSTAIN,,NO,YES,YES,YES,YES,YES,YES,ABSTAIN,1
Earth shutting down 519 pls redelegate ,,,,,YES,,,,,,,,,,,,,,,,,,,,,,,,,,,,,,,,,,,,,,,,,,,1
StakeTartare,,NO,,,,,,,,,,,,,,,,,,,,,,,,,,,,,,,,,,,,,,,,,,,,,,1
Stakewollecom  Autocompound,,YES,,YES,YES,YES,NO,YES,NO,YES,YES,YES,YES,,,ABSTAIN,YES,,YES,YES,YES,ABSTAIN,NO,NO,NO,,,,,,ABSTAIN,ABSTAIN,ABSTAIN,ABSTAIN,YES,ABSTAIN,ABSTAIN,ABSTAIN,YES,ABSTAIN,ABSTAIN,ABSTAIN,ABSTAIN,ABSTAIN,ABSTAIN,NO,ABSTAIN,6
 uGaenn ,,YES,NO_WITH_VETO,,,YES,NO,NO,NO,YES,,YES,,,NO,NO,YES,YES,YES,YES,YES,NO,NO,NO,,,,,,,,,,,,,,,,,,,,,,,,6
  Crypteloid,,ABSTAIN,NO,NO,ABSTAIN,,,,,,,,,,ABSTAIN,NO,NO,YES,YES,,,,,,,,,,,,,,,,,,,,,,,,,,,,,1
Centurion,,NO,,NO,,,,,,,,,,,YES,,,,,,,,,,,,,,,,,,,,,,,,,,,,,,,,,1
 INFINITY ,,,,,,,,,,,,,,,NO,,,,,,,,,,,,,,,,,,,,,,,,,,,,,,,,,2
Please redelegate to BronBro,,NO,NO,NO,NO,YES,NO,NO,NO,YES,YES,YES,ABSTAIN,,NO,YES,YES,YES,YES,NO,YES,ABSTAIN,YES,NO,ABSTAIN,NO,YES,NO,ABSTAIN,NO,ABSTAIN,ABSTAIN,ABSTAIN,ABSTAIN,ABSTAIN,ABSTAIN,ABSTAIN,ABSTAIN,NO,ABSTAIN,ABSTAIN,ABSTAIN,ABSTAIN,ABSTAIN,ABSTAIN,,,1
DONOTDELEGATE,,ABSTAIN,NO,NO,YES,ABSTAIN,NO,NO,NO,ABSTAIN,YES,YES,NO,,ABSTAIN,YES,YES,YES,ABSTAIN,ABSTAIN,YES,ABSTAIN,,ABSTAIN,YES,,,,,,,,,,,,,,,,,,,,,,,5
PUPMS,,YES,NO_WITH_VETO,NO,YES,NO_WITH_VETO,NO,NO,NO,NO,NO,,YES,,ABSTAIN,NO_WITH_VETO,YES,YES,YES,NO,YES,NO,NO,NO_WITH_VETO,NO,NO_WITH_VETO,NO_WITH_VETO,NO,YES,YES,NO,YES,NO,NO,YES,YES,NO,NO_WITH_VETO,YES,NO,NO,NO,NO,NO,NO,NO,,7
LOA Labs,,ABSTAIN,NO,,YES,YES,NO,YES,ABSTAIN,YES,YES,YES,YES,,,NO_WITH_VETO,ABSTAIN,NO,YES,YES,YES,NO,NO,NO,YES,,,,,,,,,,,,,,,,,,,,,,,1
Shutting down please redelegate,,NO,,NO,ABSTAIN,ABSTAIN,NO,YES,NO,ABSTAIN,ABSTAIN,ABSTAIN,NO,,,NO_WITH_VETO,YES,ABSTAIN,YES,,YES,ABSTAIN,,ABSTAIN,ABSTAIN,NO,ABSTAIN,ABSTAIN,YES,NO,ABSTAIN,ABSTAIN,ABSTAIN,ABSTAIN,ABSTAIN,,,,,,,,,,,,,7
NacionCrypto  Parceros,,YES,,NO,YES,,,NO,NO,,YES,YES,,,,,,YES,YES,YES,YES,NO,YES,NO_WITH_VETO,NO,,,NO,YES,NO,NO,NO,NO,NO,YES,,,YES,YES,,,,,,,,YES,5
Undelegate  The Crypto Gateway,,NO,NO,,,,,,,,,,,,,,,,,,,,,,,,,,,,,,,,,,,,,,,,,,,,,1
Validatorrun  100 Slash Protected,,YES,,,YES,YES,NO,NO,NO,,,,,,,,YES,YES,ABSTAIN,,YES,,,,,,,,,,,,,,,,,,,,,,,,,,,1
SunFaceorg,,ABSTAIN,,,,,,,,,,,,,,,,,,,,,,,,,,,,,,,,,,,,,,,,,,,,,,1
securityDAO,,,NO,,,,,,,,,,,,,,,,,,,,,,,,,,,,,,,,,,,,,,,,,,,,,2
studentmtk,,,NO_WITH_VETO,,YES,YES,NO,,NO,YES,,,,,,NO_WITH_VETO,YES,YES,ABSTAIN,NO,,,,,,,,,,,,,,,,,,,,,,,,,,,,1
tor,,,NO_WITH_VETO,,YES,YES,NO,,NO,YES,,,,,,NO_WITH_VETO,YES,YES,ABSTAIN,NO,,,,,,,,,,,,,,,,,,,,,,,,,,,,1
 79anvi ,,,,,,,,,,,,,,,,,,,,,,,,,,,,,,,,,,,,,,,,,,,,,YES,,,5
STAVR REStake ON,,,,,,,,,,,YES,YES,NO,,,,,,,,YES,ABSTAIN,YES,ABSTAIN,YES,,,,,,ABSTAIN,ABSTAIN,ABSTAIN,ABSTAIN,YES,,,,,,,,,,YES,NO,YES,5
Wetez,,,,,YES,,YES,YES,,,ABSTAIN,YES,YES,,,,,,,,,YES,NO,,YES,NO,YES,YES,YES,,,,,,,,,,,,,,,,,,,5
Validatriumcom,,,,,,,,,,,,,YES,,,,,,,,,,,,YES,,ABSTAIN,NO,YES,,ABSTAIN,ABSTAIN,ABSTAIN,ABSTAIN,YES,NO,YES,,,,,,,,YES,NO_WITH_VETO,,2
NodeMonster,,,,,,,,,,,,,,,,,,,,,,,,,,,,,,,ABSTAIN,ABSTAIN,ABSTAIN,ABSTAIN,YES,ABSTAIN,ABSTAIN,ABSTAIN,NO,ABSTAIN,ABSTAIN,ABSTAIN,ABSTAIN,ABSTAIN,ABSTAIN,NO,YES,2
This node will go down please redelegate asap,,,,,,YES,NO,NO,NO,YES,YES,YES,,,,NO,YES,NO,ABSTAIN,YES,YES,,,,,,,,,,,,,,,,,,,,,,,,,,,1
coinhallorg  DataCharts for Juno,,,,,,NO_WITH_VETO,NO,NO,,ABSTAIN,YES,YES,NO,,,,ABSTAIN,,,ABSTAIN,YES,ABSTAIN,NO,,NO,,,YES,YES,,ABSTAIN,ABSTAIN,ABSTAIN,ABSTAIN,ABSTAIN,ABSTAIN,ABSTAIN,ABSTAIN,NO,ABSTAIN,ABSTAIN,ABSTAIN,ABSTAIN,ABSTAIN,ABSTAIN,ABSTAIN,YES,1
BH  closing,,,,,,,,,,,,,,,,,YES,,,,,,,,,,,,,,,,,,,,,,,,,,,,,,,2
SHUTTING DOWN PLEASE REDELEGATE,,,,,,ABSTAIN,ABSTAIN,NO,NO,YES,YES,YES,,,,,YES,NO,YES,NO,YES,ABSTAIN,NO,ABSTAIN,ABSTAIN,,,,,,,,,,,,,,,,,,,,,,,1
Aqua Wellspring ,,,,,,,,,,,,,,,,,,ABSTAIN,YES,,,,,,,,,,,,,,,,,,,,,,,,,,,,,1
Architect Nodes,,,,,,,,,,,YES,YES,ABSTAIN,,,,,,,,YES,ABSTAIN,YES,ABSTAIN,YES,NO,YES,YES,YES,ABSTAIN,YES,YES,YES,YES,YES,ABSTAIN,ABSTAIN,ABSTAIN,NO,ABSTAIN,YES,ABSTAIN,ABSTAIN,ABSTAIN,ABSTAIN,NO,NO,7
SpaceStake,,,,,,,,,,,,,,,,,,,,,,,,,,,,,,,,,,,YES,,,,YES,NO,YES,YES,YES,YES,ABSTAIN,NO,YES,2
BitValidator,,,,,,,,,,,,,,,,,,,,,,,,,,NO,YES,NO,YES,,NO,NO,NO,NO,YES,,,,NO,,,,,,,,,7
Tradooors Closing 331 Redelegate,,,,,,,NO,NO,,YES,,,,,,,,,,NO,,,,,,,,,,,,,,,,,,,,,,,,,,,,1
Inactive,,,,,,,,,,,,YES,,,,,,,,ABSTAIN,YES,NO,,NO,YES,,,,,,,,,,,,,,,,,,,,,,,1
Basement Nodes ,,,,,,,,,NO,YES,YES,YES,YES,,,,,,,,NO,,NO,NO,YES,NO_WITH_VETO,NO_WITH_VETO,NO,NO,NO,YES,YES,YES,NO,,,,,,NO,YES,YES,YES,NO,YES,NO_WITH_VETO,YES,5
MEMEFoundation,,,,,,,,,,,,,,,,,,,,,,,,,,,,,,,NO,NO,NO,NO,YES,,,,YES,ABSTAIN,ABSTAIN,ABSTAIN,ABSTAIN,ABSTAIN,YES,NO,YES,5
HEXXAGON,,,,,,,,,,,,,,,,,,,,,,,,,,,,,,,,,,,,,,,,,,,,,ABSTAIN,YES,,2
Huginn,,,,,,,,,,,,,,,,,,,,,YES,,YES,,,,,,,,,,,,,,,,,,,,,,,,,7
LuckyFridayio,,,,,,,,,,,,YES,,,,,,,,,,,,NO,,,,,,,,,,,,,,,,,,,,,,,,1
Earn Network,,,,,,,,,,,,,,,,,,,,,,,,,,,,,,,,,,,,,,,,,,,,,ABSTAIN,,,2
Sr20de  Restake enabled,,,,,,,,,,,,,YES,,,,,,,,,,,,YES,YES,YES,YES,YES,YES,YES,NO,NO,ABSTAIN,YES,YES,YES,YES,YES,NO,YES,YES,YES,YES,YES,NO,,5
Validavia,,,,,,,,,,,,,YES,,,,,,,,,,,,,,YES,NO,YES,,,,,,,,,,NO,,,,,,,,,1
nRidecom Validator,,,,,,,,,,,,,,,,,,,,,,,,,,YES,YES,YES,YES,YES,,,,,,,,,,ABSTAIN,ABSTAIN,YES,YES,YES,,,,5
Antrix Validators,,,,,,,,,,,,,,,,,,,,,,,,,,,,,,,YES,YES,YES,YES,YES,YES,YES,YES,YES,YES,YES,YES,YES,YES,,,,5
SoloNationio,,,,,,,,,,,,,,,,,,,,,,,,,,,,,,,YES,,,,,,,,,,,,,,,,,2
Stakefy,,,,,,,,,,,,,,,,,,,,,,,,,,,,,,,,,,,,,,,,,,,,,,NO,NO_VOTE,2
