voter,cosmos_60,cosmos_63,cosmos_69,cosmos_72,cosmos_75,cosmos_76,cosmos_77,cosmos_78,cosmos_79,cosmos_80,cosmos_81,cosmos_82,cosmos_83,cosmos_86,cosmos_89,cosmos_90,cosmos_93,cosmos_94,cosmos_99,cosmos_101,cosmos_687,cosmos_787,cosmos_791,cosmos_793,cosmos_800,cosmos_811,cosmos_814,cosmos_818,cosmos_826,cosmos_827,cosmos_836,cosmos_839,cosmos_848,cosmos_851,cosmos_853,cosmos_856,cosmos_858,cosmos_861,cosmos_862,cosmos_865,cosmos_867,cosmos_868,cosmos_895,cosmos_899,cosmos_912,cosmos_916,cosmos_917,cosmos_946,cosmos_952,cosmos_954,cosmos_956,cosmos_68,cosmos_73,cosmos_74,cosmos_95,cosmos_98,cosmos_103,cosmos_104,cosmos_155,cosmos_202,cosmos_717,cosmos_796,cosmos_920,cosmos_922,cosmos_930,cosmos_52,cosmos_42,cosmos_44,cosmos_45,cluster_label
Chainflow,ABSTAIN,YES,NO,NO,YES,YES,YES,ABSTAIN,YES,NO,NO,NO,NO,NO,YES,ABSTAIN,YES,YES,YES,YES,YES,ABSTAIN,ABSTAIN,ABSTAIN,ABSTAIN,NO,YES,NO,YES,ABSTAIN,YES,NO,YES,YES,ABSTAIN,NO,YES,YES,YES,YES,YES,ABSTAIN,ABSTAIN,YES,ABSTAIN,NO,YES,ABSTAIN,ABSTAIN,YES,NO,,,,,,,,,,,,,,,,,,,3
Imperatorco,ABSTAIN,,NO,YES,ABSTAIN,NO,YES,NO,ABSTAIN,NO,NO,NO_WITH_VETO,NO,ABSTAIN,NO,NO,ABSTAIN,YES,ABSTAIN,YES,YES,NO,NO,ABSTAIN,YES,NO,YES,NO,ABSTAIN,NO,NO,YES,WEIGHTED_VOTE,YES,NO,NO,YES,ABSTAIN,YES,ABSTAIN,YES,ABSTAIN,YES,ABSTAIN,YES,YES,YES,ABSTAIN,NO_WITH_VETO,ABSTAIN,NO,YES,NO_WITH_VETO,YES,ABSTAIN,ABSTAIN,NO,NO,NO,ABSTAIN,YES,ABSTAIN,ABSTAIN,YES,YES,,,,,3
StakeWithUs,,YES,NO,ABSTAIN,ABSTAIN,ABSTAIN,YES,NO,YES,NO,NO,NO_WITH_VETO,NO,ABSTAIN,ABSTAIN,ABSTAIN,YES,YES,ABSTAIN,,YES,ABSTAIN,NO,YES,YES,NO,YES,NO,YES,YES,ABSTAIN,ABSTAIN,YES,YES,YES,NO,,YES,,ABSTAIN,YES,YES,ABSTAIN,YES,ABSTAIN,NO,YES,NO,ABSTAIN,YES,,YES,NO_WITH_VETO,YES,,,YES,,ABSTAIN,NO,ABSTAIN,ABSTAIN,ABSTAIN,ABSTAIN,,YES,,,,3
Staking Fund,,ABSTAIN,YES,ABSTAIN,ABSTAIN,,YES,ABSTAIN,NO,NO,NO,NO_WITH_VETO,NO,,YES,NO,ABSTAIN,YES,ABSTAIN,NO,,,NO,ABSTAIN,YES,,,,,,,,,,,,,,,,,,,,,,,,,,,ABSTAIN,ABSTAIN,YES,YES,NO,YES,ABSTAIN,NO,NO,YES,,,,,NO,YES,YES,YES,7
BHarvest,,YES,ABSTAIN,,ABSTAIN,NO,YES,ABSTAIN,YES,NO,NO,NO_WITH_VETO,NO,NO,NO,NO,YES,YES,ABSTAIN,NO,YES,YES,NO,ABSTAIN,YES,NO,YES,NO,YES,YES,YES,YES,YES,YES,NO,NO,YES,NO,YES,YES,YES,NO,NO,YES,YES,NO,YES,,,,,YES,NO,YES,YES,NO,YES,ABSTAIN,YES,YES,YES,ABSTAIN,YES,ABSTAIN,,NO,YES,YES,YES,3
Provalidator,YES,YES,NO,YES,ABSTAIN,NO,YES,ABSTAIN,ABSTAIN,ABSTAIN,NO,NO_WITH_VETO,NO,ABSTAIN,ABSTAIN,ABSTAIN,YES,YES,ABSTAIN,ABSTAIN,YES,ABSTAIN,NO_WITH_VETO,NO_WITH_VETO,YES,NO,YES,NO,ABSTAIN,NO,ABSTAIN,ABSTAIN,NO,YES,ABSTAIN,NO,,,,,YES,NO,ABSTAIN,,YES,NO,YES,,ABSTAIN,,,YES,NO_WITH_VETO,YES,NO,NO,YES,ABSTAIN,ABSTAIN,YES,YES,ABSTAIN,ABSTAIN,ABSTAIN,YES,NO,,,,3
Simply Staking,NO_VOTE,YES,NO,YES,NO,YES,YES,NO,YES,NO,NO,YES,NO,NO,NO,NO,YES,YES,ABSTAIN,NO,YES,,NO_WITH_VETO,YES,YES,NO,YES,NO,YES,NO,YES,NO,ABSTAIN,YES,YES,NO,YES,NO,YES,YES,YES,NO,YES,YES,YES,NO,YES,YES,YES,ABSTAIN,NO,YES,NO_WITH_VETO,YES,YES,NO,YES,YES,NO,NO,YES,NO,ABSTAIN,ABSTAIN,YES,NO,NO,YES,YES,3
StakeLabzone,YES,YES,,YES,ABSTAIN,NO,YES,,YES,NO,NO,NO_WITH_VETO,NO,NO_WITH_VETO,NO,NO,NO,YES,ABSTAIN,ABSTAIN,YES,NO,NO_WITH_VETO,NO_WITH_VETO,YES,NO_WITH_VETO,YES,NO,YES,,NO_WITH_VETO,NO,NO,,NO,NO,NO,NO,YES,YES,ABSTAIN,ABSTAIN,NO,NO,NO,NO,YES,NO,YES,YES,NO,YES,NO_WITH_VETO,YES,ABSTAIN,NO,YES,NO,YES,NO,YES,NO,ABSTAIN,ABSTAIN,YES,,,,,3
BouBouNode,,ABSTAIN,,YES,,,YES,,,,,NO,,,,,,,,,,,,,,,,,,,,YES,YES,,,,,,,,,,,,,,,,,,,,,,,,,,,,,,,,,,,,,2
SpacePotato,,,NO_WITH_VETO,,,,,,,,,,,,,,,,,,,,,,,,,,,,,,,,,,,,,,,,,,,,,,,,,YES,,,,,,,,,,,,,,,,,,3
Crosnest,,ABSTAIN,,NO,,YES,,,YES,NO,NO,WEIGHTED_VOTE,NO,,,,,YES,NO,,YES,,NO_WITH_VETO,NO_WITH_VETO,YES,NO,YES,YES,YES,NO,NO,,WEIGHTED_VOTE,ABSTAIN,WEIGHTED_VOTE,NO,,NO,YES,YES,YES,NO,NO,ABSTAIN,ABSTAIN,ABSTAIN,ABSTAIN,NO,WEIGHTED_VOTE,ABSTAIN,WEIGHTED_VOTE,,,,,,YES,NO,NO,YES,YES,NO,WEIGHTED_VOTE,WEIGHTED_VOTE,NO,,,,,3
Vitwit Previously Witval,YES,YES,ABSTAIN,YES,YES,YES,YES,NO,ABSTAIN,NO,YES,YES,NO,NO_WITH_VETO,NO,NO,YES,YES,ABSTAIN,ABSTAIN,YES,YES,NO,YES,ABSTAIN,NO,YES,NO,YES,,YES,NO,YES,YES,YES,NO,YES,NO,YES,YES,YES,YES,ABSTAIN,,,,YES,ABSTAIN,ABSTAIN,YES,NO,YES,NO_WITH_VETO,YES,YES,NO,ABSTAIN,NO,NO,ABSTAIN,ABSTAIN,NO,,ABSTAIN,YES,NO_VOTE,YES,YES,YES,3
SG1,YES,YES,NO_WITH_VETO,NO_WITH_VETO,ABSTAIN,NO,YES,ABSTAIN,ABSTAIN,ABSTAIN,NO,YES,NO,ABSTAIN,WEIGHTED_VOTE,ABSTAIN,ABSTAIN,ABSTAIN,ABSTAIN,ABSTAIN,YES,ABSTAIN,NO,ABSTAIN,YES,ABSTAIN,YES,NO,ABSTAIN,NO,ABSTAIN,,ABSTAIN,YES,ABSTAIN,NO,ABSTAIN,ABSTAIN,YES,YES,ABSTAIN,ABSTAIN,YES,NO,NO,,YES,,WEIGHTED_VOTE,YES,,YES,NO_WITH_VETO,YES,YES,ABSTAIN,YES,ABSTAIN,ABSTAIN,YES,NO,ABSTAIN,ABSTAIN,YES,,NO,NO,,YES,3
KalpaTech,YES,YES,NO,YES,ABSTAIN,,YES,,YES,,NO,NO_WITH_VETO,NO,,YES,,,,ABSTAIN,ABSTAIN,,,NO,ABSTAIN,ABSTAIN,NO,,,YES,ABSTAIN,YES,NO,NO,,YES,NO,YES,YES,YES,ABSTAIN,,,NO,,,,,,YES,YES,NO,YES,NO,YES,ABSTAIN,,YES,YES,YES,YES,,,ABSTAIN,ABSTAIN,,NO,,,YES,3
Chorus One,ABSTAIN,YES,NO,YES,YES,ABSTAIN,YES,NO_WITH_VETO,YES,NO,NO,YES,NO,NO,NO,YES,YES,YES,NO,YES,YES,ABSTAIN,NO_WITH_VETO,ABSTAIN,ABSTAIN,NO,YES,NO,YES,YES,ABSTAIN,YES,NO,YES,NO,NO,ABSTAIN,NO,YES,,YES,NO,YES,ABSTAIN,ABSTAIN,NO,YES,ABSTAIN,ABSTAIN,YES,ABSTAIN,YES,NO,YES,ABSTAIN,ABSTAIN,YES,NO,ABSTAIN,ABSTAIN,YES,NO,ABSTAIN,ABSTAIN,YES,,YES,YES,YES,3
Forbole,NO_VOTE,ABSTAIN,NO,NO_VOTE,NO,NO,NO_VOTE,NO_VOTE,NO,NO,ABSTAIN,NO_WITH_VETO,ABSTAIN,NO,ABSTAIN,ABSTAIN,YES,YES,ABSTAIN,ABSTAIN,ABSTAIN,NO_VOTE,NO,ABSTAIN,YES,NO,NO_VOTE,NO_VOTE,YES,NO,NO_VOTE,NO_VOTE,NO,YES,,NO,YES,NO,YES,YES,YES,NO,NO,NO,ABSTAIN,NO_VOTE,NO_VOTE,NO_VOTE,YES,YES,NO_VOTE,YES,ABSTAIN,YES,YES,NO,YES,ABSTAIN,ABSTAIN,NO,ABSTAIN,NO_VOTE,ABSTAIN,ABSTAIN,NO_VOTE,NO_VOTE,NO,ABSTAIN,YES,3
in3scom,,YES,NO,YES,NO_WITH_VETO,YES,YES,,YES,YES,YES,NO_WITH_VETO,NO,ABSTAIN,NO,NO,YES,YES,ABSTAIN,,YES,YES,NO_WITH_VETO,NO_WITH_VETO,YES,NO,YES,YES,YES,YES,NO,YES,YES,NO,YES,NO,YES,YES,YES,NO,YES,YES,YES,YES,YES,NO,YES,YES,NO,NO,NO,,NO_WITH_VETO,YES,NO,,YES,YES,YES,NO,NO,YES,YES,ABSTAIN,YES,,,,,3
vidoinfo,,YES,ABSTAIN,YES,,NO,YES,NO,YES,NO,NO,NO_WITH_VETO,NO,,YES,NO,ABSTAIN,YES,YES,ABSTAIN,YES,NO,ABSTAIN,ABSTAIN,YES,NO,YES,NO,YES,YES,NO,YES,NO,YES,ABSTAIN,NO,YES,YES,YES,YES,YES,NO,,,,,,YES,YES,YES,YES,YES,,,YES,NO,YES,YES,ABSTAIN,YES,YES,ABSTAIN,ABSTAIN,ABSTAIN,YES,YES,YES,NO,YES,7
Swiss Staking,YES,YES,NO,YES,NO,NO,YES,NO,NO,ABSTAIN,NO,YES,NO,ABSTAIN,NO,NO,YES,YES,ABSTAIN,NO,YES,ABSTAIN,NO,YES,YES,NO,YES,NO,ABSTAIN,YES,YES,YES,YES,YES,NO,NO,YES,NO,YES,YES,YES,NO,NO,YES,YES,YES,YES,YES,,YES,NO,YES,NO_WITH_VETO,YES,YES,NO,YES,YES,NO,NO,YES,YES,NO,YES,YES,,,,,3
01node,,ABSTAIN,YES,ABSTAIN,ABSTAIN,YES,YES,ABSTAIN,ABSTAIN,ABSTAIN,ABSTAIN,NO_WITH_VETO,ABSTAIN,ABSTAIN,YES,ABSTAIN,YES,YES,ABSTAIN,ABSTAIN,YES,ABSTAIN,NO,ABSTAIN,YES,ABSTAIN,ABSTAIN,YES,YES,ABSTAIN,ABSTAIN,ABSTAIN,NO,YES,YES,NO,YES,YES,YES,YES,YES,NO,ABSTAIN,YES,YES,ABSTAIN,ABSTAIN,ABSTAIN,ABSTAIN,YES,ABSTAIN,ABSTAIN,ABSTAIN,YES,ABSTAIN,ABSTAIN,YES,ABSTAIN,ABSTAIN,ABSTAIN,YES,ABSTAIN,ABSTAIN,ABSTAIN,ABSTAIN,,,,,3
stakesystems  autocompound,YES,NO,NO,ABSTAIN,ABSTAIN,YES,YES,NO_WITH_VETO,YES,ABSTAIN,NO_WITH_VETO,NO_WITH_VETO,NO_WITH_VETO,YES,YES,NO,YES,ABSTAIN,ABSTAIN,ABSTAIN,YES,YES,,,,NO,YES,NO,YES,YES,YES,NO,YES,YES,YES,NO_WITH_VETO,YES,YES,YES,YES,YES,NO,NO,YES,YES,,,ABSTAIN,ABSTAIN,YES,YES,YES,NO_WITH_VETO,ABSTAIN,YES,ABSTAIN,YES,YES,NO,YES,YES,YES,ABSTAIN,ABSTAIN,,ABSTAIN,,NO,,3
kytzu,ABSTAIN,,YES,YES,YES,YES,,,YES,ABSTAIN,NO,NO_WITH_VETO,NO,,,,YES,YES,,,YES,,,,,,,,,,,,,,,,,,,,,,,,,,,,,,,YES,NO,YES,YES,,,,,,,,,,,YES,YES,YES,YES,7
POSTHUMAN  StakeDrop,ABSTAIN,YES,NO,NO,NO_VOTE,NO_VOTE,YES,NO_VOTE,NO,NO,NO,NO_WITH_VETO,NO,ABSTAIN,YES,NO_VOTE,YES,YES,ABSTAIN,YES,YES,ABSTAIN,ABSTAIN,YES,YES,NO,YES,NO,ABSTAIN,YES,NO,NO_WITH_VETO,NO,YES,YES,NO,YES,YES,YES,YES,YES,NO_VOTE,YES,NO_VOTE,YES,NO,YES,YES,WEIGHTED_VOTE,YES,NO,YES,NO_VOTE,NO_VOTE,YES,YES,YES,ABSTAIN,YES,ABSTAIN,YES,NO_VOTE,YES,ABSTAIN,YES,NO_VOTE,NO_VOTE,NO_VOTE,NO_VOTE,3
Ping,YES,,NO,YES,NO,YES,YES,ABSTAIN,ABSTAIN,ABSTAIN,NO,NO_WITH_VETO,NO,,,,YES,YES,YES,ABSTAIN,,,NO,,,YES,YES,ABSTAIN,YES,NO,,,YES,YES,,ABSTAIN,YES,ABSTAIN,,YES,YES,YES,YES,ABSTAIN,,,YES,,,,,YES,NO_WITH_VETO,,YES,ABSTAIN,YES,YES,YES,,,,ABSTAIN,YES,YES,,,YES,YES,3
Notional,YES,ABSTAIN,NO_WITH_VETO,ABSTAIN,NO,YES,YES,NO_WITH_VETO,YES,NO_WITH_VETO,NO_WITH_VETO,YES,NO_WITH_VETO,ABSTAIN,NO,NO,YES,YES,YES,NO,YES,YES,YES,YES,YES,NO_WITH_VETO,YES,NO_WITH_VETO,YES,YES,NO,NO_WITH_VETO,YES,YES,YES,NO,YES,NO,YES,YES,,,,,,,,,,,,YES,NO_WITH_VETO,YES,YES,NO,YES,ABSTAIN,YES,NO,NO,YES,,,,,,,,3
jabbey,,,YES,YES,YES,YES,YES,,YES,NO,NO,YES,NO,NO,NO,NO,ABSTAIN,YES,YES,YES,YES,YES,YES,YES,YES,YES,YES,YES,YES,,NO,YES,YES,YES,,,YES,,YES,,YES,YES,YES,,,,,,NO_WITH_VETO,,,YES,ABSTAIN,YES,YES,NO,YES,YES,YES,YES,YES,YES,YES,,,,,,,3
0basevc,ABSTAIN,YES,NO,ABSTAIN,ABSTAIN,NO,YES,ABSTAIN,YES,ABSTAIN,ABSTAIN,NO_WITH_VETO,ABSTAIN,NO,ABSTAIN,NO,NO,YES,ABSTAIN,ABSTAIN,YES,ABSTAIN,ABSTAIN,YES,YES,NO,YES,NO,YES,NO,ABSTAIN,ABSTAIN,ABSTAIN,ABSTAIN,ABSTAIN,NO,YES,NO,YES,YES,YES,NO,ABSTAIN,YES,YES,NO,YES,YES,ABSTAIN,ABSTAIN,NO,YES,NO_WITH_VETO,YES,YES,NO,YES,ABSTAIN,ABSTAIN,YES,YES,ABSTAIN,YES,ABSTAIN,YES,YES,YES,YES,YES,3
Sr20de,,,,,,,,,,,,,,,,,,,,,,,,,,,,,,,,,,,,,,,,,,,,,,,,YES,YES,NO,,,,,,,,,,,,,,,,,,,,3
Smart Stake ,ABSTAIN,ABSTAIN,ABSTAIN,YES,ABSTAIN,YES,YES,ABSTAIN,ABSTAIN,NO,NO,YES,NO,ABSTAIN,YES,NO,YES,ABSTAIN,YES,NO,YES,YES,NO,YES,YES,NO,ABSTAIN,NO,YES,NO,NO,ABSTAIN,YES,ABSTAIN,YES,NO,YES,NO,YES,YES,YES,NO,YES,ABSTAIN,ABSTAIN,NO,ABSTAIN,NO,NO,ABSTAIN,NO,ABSTAIN,NO_WITH_VETO,ABSTAIN,YES,NO,YES,YES,YES,ABSTAIN,YES,ABSTAIN,ABSTAIN,YES,NO,,,,,3
WhisperNode ,,,NO,ABSTAIN,NO,YES,YES,NO,YES,NO,NO_WITH_VETO,YES,NO,NO_WITH_VETO,NO,NO,YES,YES,ABSTAIN,NO,YES,YES,NO,YES,YES,ABSTAIN,YES,NO,YES,NO,NO,ABSTAIN,YES,YES,NO,NO,NO,NO,YES,YES,YES,NO,ABSTAIN,YES,YES,ABSTAIN,YES,NO,ABSTAIN,ABSTAIN,ABSTAIN,ABSTAIN,NO_WITH_VETO,YES,NO,NO,YES,YES,ABSTAIN,YES,YES,YES,ABSTAIN,ABSTAIN,YES,,,,,3
openbitlab,,,,,,,,,,,,,,,,,,,,,,,,,,,,,,,NO,ABSTAIN,YES,YES,YES,NO,YES,NO,YES,YES,YES,YES,,,,,,,,,,,,,,,,,,,,,,,,,,,,3
Node Guardians,NO_VOTE,,,,,,YES,NO,WEIGHTED_VOTE,NO,NO,NO_WITH_VETO,ABSTAIN,ABSTAIN,ABSTAIN,NO,ABSTAIN,YES,ABSTAIN,ABSTAIN,YES,ABSTAIN,NO,YES,ABSTAIN,NO,YES,NO,YES,NO,NO,YES,YES,YES,NO,NO,YES,ABSTAIN,YES,YES,YES,NO,ABSTAIN,YES,YES,ABSTAIN,YES,ABSTAIN,NO,YES,NO,,,,YES,NO,YES,ABSTAIN,ABSTAIN,ABSTAIN,ABSTAIN,ABSTAIN,ABSTAIN,ABSTAIN,YES,NO_VOTE,NO_VOTE,NO_VOTE,NO_VOTE,3
Nodeist,NO_VOTE,NO_VOTE,NO_VOTE,NO_VOTE,NO_VOTE,NO_VOTE,NO_VOTE,NO_VOTE,NO_VOTE,NO_VOTE,NO_VOTE,NO_VOTE,NO_VOTE,NO_VOTE,NO_VOTE,NO_VOTE,NO_VOTE,NO_VOTE,NO_VOTE,NO_VOTE,NO_VOTE,NO_VOTE,NO_VOTE,NO_VOTE,NO_VOTE,NO_VOTE,NO_VOTE,NO_VOTE,NO_VOTE,NO_VOTE,NO_VOTE,NO_VOTE,NO_VOTE,NO_VOTE,NO_VOTE,NO_VOTE,NO_VOTE,NO_VOTE,NO_VOTE,NO_VOTE,NO_VOTE,NO_VOTE,NO_VOTE,NO_VOTE,NO_VOTE,NO_VOTE,NO_VOTE,NO_VOTE,NO_VOTE,NO_VOTE,NO_VOTE,NO_VOTE,NO_VOTE,NO_VOTE,NO_VOTE,NO_VOTE,NO_VOTE,NO_VOTE,NO_VOTE,NO_VOTE,NO_VOTE,NO_VOTE,NO_VOTE,NO_VOTE,NO_VOTE,NO_VOTE,NO_VOTE,NO_VOTE,NO_VOTE,3
stakefish,,YES,NO,YES,YES,NO,,,,,,ABSTAIN,ABSTAIN,,YES,,,,,,,,,,,,YES,,YES,,,YES,ABSTAIN,YES,,,,,,,,NO,,,,,,,,,,YES,NO_WITH_VETO,YES,,,,,,,,,,,,YES,NO,YES,,3
Zero Knowledge Validator ZKV,ABSTAIN,YES,NO,YES,YES,YES,YES,NO,YES,ABSTAIN,ABSTAIN,YES,ABSTAIN,ABSTAIN,ABSTAIN,ABSTAIN,YES,ABSTAIN,ABSTAIN,ABSTAIN,YES,ABSTAIN,ABSTAIN,YES,YES,NO,YES,ABSTAIN,YES,,ABSTAIN,YES,YES,ABSTAIN,ABSTAIN,NO,YES,ABSTAIN,YES,YES,ABSTAIN,ABSTAIN,ABSTAIN,ABSTAIN,ABSTAIN,ABSTAIN,YES,,,,,YES,NO_WITH_VETO,YES,YES,ABSTAIN,YES,YES,ABSTAIN,YES,ABSTAIN,ABSTAIN,ABSTAIN,ABSTAIN,,NO_VOTE,NO_VOTE,NO_VOTE,NO_VOTE,3
Chill Validation,,,NO,YES,NO,,YES,NO,YES,NO_WITH_VETO,NO,YES,NO,NO_WITH_VETO,NO,NO,YES,YES,YES,NO,YES,YES,YES,YES,YES,YES,YES,NO,YES,YES,NO,YES,YES,YES,NO,NO,YES,NO,YES,YES,YES,YES,YES,,NO,NO,YES,YES,YES,YES,NO,YES,NO_WITH_VETO,YES,NO,NO,YES,YES,YES,YES,YES,YES,YES,ABSTAIN,,,,,,3
Figment,,YES,YES,YES,YES,,YES,NO,,NO,ABSTAIN,ABSTAIN,ABSTAIN,,,,,,,,,,,,,,,,,,,,,,,,,,,,,,,,,,,,,,,,,,,,,,,,,,,,,,YES,YES,YES,3
a41,,,,,,,YES,ABSTAIN,YES,NO,NO,NO,NO,NO,NO,NO,YES,YES,ABSTAIN,NO,YES,YES,NO,YES,YES,NO,YES,YES,YES,YES,YES,NO,ABSTAIN,YES,NO,NO,YES,NO,YES,YES,YES,YES,ABSTAIN,YES,YES,ABSTAIN,YES,YES,YES,ABSTAIN,NO,,,,YES,NO,YES,YES,NO,NO,YES,ABSTAIN,,ABSTAIN,YES,,,,,3
CrowdControl,,,,,,,,,YES,NO,NO,YES,NO,,YES,NO,ABSTAIN,YES,ABSTAIN,ABSTAIN,YES,,NO_WITH_VETO,YES,YES,NO,ABSTAIN,ABSTAIN,ABSTAIN,NO,ABSTAIN,NO,NO,ABSTAIN,YES,NO,ABSTAIN,NO,ABSTAIN,NO,ABSTAIN,ABSTAIN,YES,YES,ABSTAIN,YES,YES,NO,,ABSTAIN,NO,,,,YES,ABSTAIN,YES,ABSTAIN,ABSTAIN,YES,YES,NO,NO,NO,ABSTAIN,,,,,3
alphabai,NO_VOTE,NO_VOTE,NO_VOTE,NO_VOTE,NO_VOTE,NO_VOTE,,NO_VOTE,,,,,,NO_VOTE,,NO_VOTE,,,NO_VOTE,NO_VOTE,,,,,,,,,WEIGHTED_VOTE,WEIGHTED_VOTE,NO,YES,,,,,,,,,WEIGHTED_VOTE,WEIGHTED_VOTE,,NO_VOTE,NO_VOTE,NO_VOTE,NO_VOTE,NO_VOTE,NO_VOTE,NO_VOTE,NO_VOTE,NO_VOTE,NO_VOTE,NO_VOTE,,,,,NO_VOTE,NO_VOTE,,NO_VOTE,NO_VOTE,NO_VOTE,NO_VOTE,NO_VOTE,NO_VOTE,NO_VOTE,NO_VOTE,3
Tessellated,,,NO,YES,ABSTAIN,,YES,ABSTAIN,YES,NO,NO,YES,NO,NO,NO,NO,YES,YES,YES,YES,YES,YES,YES,YES,YES,NO,YES,YES,YES,NO,NO,YES,YES,YES,YES,NO_WITH_VETO,YES,ABSTAIN,,ABSTAIN,YES,YES,YES,YES,,NO,YES,,NO,YES,NO,YES,NO_WITH_VETO,YES,YES,ABSTAIN,YES,YES,ABSTAIN,ABSTAIN,YES,ABSTAIN,,,YES,NO,YES,YES,YES,3
Gelotto  Slash Protected,NO_VOTE,NO_VOTE,NO_VOTE,NO_VOTE,NO_VOTE,NO_VOTE,NO_VOTE,NO_VOTE,,,NO,NO,NO,NO_WITH_VETO,,NO_VOTE,NO_VOTE,,NO_VOTE,NO_VOTE,,NO_VOTE,,,,,,,,,,,,,,,,,,,,,,NO_VOTE,NO_VOTE,NO_VOTE,NO_VOTE,NO_VOTE,NO_VOTE,NO_VOTE,NO_VOTE,NO_VOTE,NO_VOTE,NO_VOTE,,NO_VOTE,,NO_VOTE,NO_VOTE,NO_VOTE,,NO_VOTE,NO_VOTE,NO_VOTE,NO_VOTE,NO_VOTE,NO_VOTE,NO_VOTE,NO_VOTE,3
Golden Ratio Staking,,,YES,YES,YES,NO,YES,NO_WITH_VETO,YES,NO,NO_WITH_VETO,YES,NO,NO_WITH_VETO,NO,NO,YES,YES,ABSTAIN,NO,YES,YES,NO,YES,YES,YES,ABSTAIN,YES,ABSTAIN,YES,NO,YES,YES,YES,YES,ABSTAIN,NO,,,YES,ABSTAIN,YES,YES,,ABSTAIN,YES,YES,YES,ABSTAIN,ABSTAIN,NO_WITH_VETO,YES,,,YES,NO,YES,YES,ABSTAIN,ABSTAIN,YES,ABSTAIN,YES,ABSTAIN,YES,,,,,3
Stakewollecom 100 Insurance,YES,,NO,NO,NO,NO,YES,NO,YES,NO,NO,YES,NO,ABSTAIN,NO,NO,YES,YES,ABSTAIN,YES,YES,YES,YES,ABSTAIN,YES,NO,YES,NO,YES,ABSTAIN,NO,NO,YES,YES,,,,YES,YES,YES,YES,ABSTAIN,YES,,,,,YES,ABSTAIN,YES,NO,YES,ABSTAIN,YES,YES,ABSTAIN,YES,ABSTAIN,NO,NO,YES,YES,,,,,,,,3
Ubik Capital,YES,YES,NO,,ABSTAIN,ABSTAIN,YES,ABSTAIN,ABSTAIN,ABSTAIN,NO_WITH_VETO,NO_WITH_VETO,NO_WITH_VETO,NO_WITH_VETO,ABSTAIN,ABSTAIN,ABSTAIN,ABSTAIN,NO,ABSTAIN,YES,ABSTAIN,NO_WITH_VETO,NO_WITH_VETO,YES,YES,YES,NO,ABSTAIN,NO,YES,YES,NO,YES,NO,ABSTAIN,ABSTAIN,YES,YES,ABSTAIN,ABSTAIN,NO,NO,NO,,NO,YES,NO,YES,YES,NO,YES,ABSTAIN,ABSTAIN,NO,NO,YES,NO,NO,NO,ABSTAIN,NO,YES,ABSTAIN,YES,,,YES,YES,6
Kahuna,,,,,,,,,,,,,,,,,,,,,,,,,,,,,,,,,,,,,,,,,,,YES,YES,,ABSTAIN,YES,ABSTAIN,ABSTAIN,ABSTAIN,ABSTAIN,,,,,,,,,,,,ABSTAIN,ABSTAIN,YES,,,,,7
CommunityStaking,NO_VOTE,NO_VOTE,NO_VOTE,NO_VOTE,NO_VOTE,NO_VOTE,NO_VOTE,NO_VOTE,ABSTAIN,ABSTAIN,ABSTAIN,ABSTAIN,ABSTAIN,NO_WITH_VETO,NO,ABSTAIN,YES,YES,ABSTAIN,ABSTAIN,NO_VOTE,NO_VOTE,NO_VOTE,NO_VOTE,NO_VOTE,,,,,NO_VOTE,NO_VOTE,,,,,,,,NO_VOTE,NO_VOTE,,,NO_VOTE,NO_VOTE,NO_VOTE,NO_VOTE,NO_VOTE,NO_VOTE,NO_VOTE,NO_VOTE,NO_VOTE,NO_VOTE,NO_VOTE,NO_VOTE,YES,ABSTAIN,YES,YES,YES,ABSTAIN,NO_VOTE,NO_VOTE,NO_VOTE,NO_VOTE,NO_VOTE,NO_VOTE,NO_VOTE,NO_VOTE,NO_VOTE,3
Nocturnal Labs,,,YES,YES,YES,,YES,,YES,ABSTAIN,NO,YES,NO,,NO,NO,YES,YES,,,YES,YES,ABSTAIN,ABSTAIN,YES,NO,YES,NO,YES,YES,ABSTAIN,ABSTAIN,YES,YES,ABSTAIN,NO,YES,NO,YES,YES,YES,NO,ABSTAIN,ABSTAIN,YES,NO,YES,,,,,YES,,,YES,NO,,,,YES,YES,YES,ABSTAIN,ABSTAIN,,,,,,7
decentralizehk  DHK dao,ABSTAIN,ABSTAIN,NO,,YES,ABSTAIN,YES,YES,YES,ABSTAIN,NO,NO_WITH_VETO,ABSTAIN,YES,NO,,YES,YES,,ABSTAIN,YES,ABSTAIN,NO,YES,ABSTAIN,NO,YES,NO,YES,ABSTAIN,ABSTAIN,ABSTAIN,YES,YES,NO,NO,NO,NO,YES,YES,YES,NO,NO,YES,YES,YES,YES,NO,YES,YES,NO,YES,NO,YES,YES,NO,YES,NO,NO,ABSTAIN,YES,NO,YES,YES,YES,,,,,3
Stakelyio,ABSTAIN,YES,ABSTAIN,YES,YES,NO,YES,NO,NO,NO,NO,YES,NO,NO_WITH_VETO,NO,,YES,YES,ABSTAIN,ABSTAIN,YES,ABSTAIN,NO,ABSTAIN,ABSTAIN,,YES,NO,YES,NO,NO,,YES,ABSTAIN,YES,NO,ABSTAIN,NO,YES,ABSTAIN,YES,NO,ABSTAIN,ABSTAIN,YES,NO,YES,NO,ABSTAIN,ABSTAIN,NO,YES,NO_WITH_VETO,YES,YES,ABSTAIN,YES,ABSTAIN,YES,ABSTAIN,YES,ABSTAIN,ABSTAIN,YES,YES,,,,,3
interchainFM,,,,,,,,,,,,,,,,,,,,,,,NO_WITH_VETO,YES,YES,,,,,,NO,NO_WITH_VETO,NO,,,,YES,,,,,NO,,,,YES,,,,,,,,,,,,,,,,,YES,ABSTAIN,,,,,,7
ECO Stake ,,,,,,,,,,,,,,,,,,,ABSTAIN,,YES,ABSTAIN,NO,YES,YES,YES,YES,NO,YES,NO,YES,YES,YES,YES,ABSTAIN,NO,ABSTAIN,ABSTAIN,YES,YES,YES,NO,YES,YES,YES,NO,YES,YES,ABSTAIN,YES,NO,,,,,,YES,NO,YES,YES,YES,NO,YES,ABSTAIN,YES,,,,,3
NosNode,,ABSTAIN,NO,,,,YES,ABSTAIN,YES,ABSTAIN,YES,ABSTAIN,YES,ABSTAIN,NO,NO,YES,YES,YES,NO,,,,,,NO_WITH_VETO,YES,ABSTAIN,YES,ABSTAIN,NO,ABSTAIN,NO,YES,ABSTAIN,ABSTAIN,ABSTAIN,ABSTAIN,YES,YES,,NO,,,,,,NO,,ABSTAIN,,YES,NO_WITH_VETO,YES,ABSTAIN,ABSTAIN,YES,YES,,,,YES,,,,,,,,3
Citadelone,YES,ABSTAIN,NO,NO,NO,NO,YES,,NO,NO,NO_WITH_VETO,YES,NO,,YES,NO,,YES,ABSTAIN,ABSTAIN,YES,ABSTAIN,NO,,ABSTAIN,ABSTAIN,ABSTAIN,ABSTAIN,YES,NO,NO,ABSTAIN,NO,YES,ABSTAIN,NO,YES,ABSTAIN,YES,ABSTAIN,YES,NO,YES,ABSTAIN,YES,YES,YES,ABSTAIN,YES,ABSTAIN,NO,YES,NO_WITH_VETO,,ABSTAIN,ABSTAIN,,,YES,YES,NO,,ABSTAIN,YES,YES,YES,,YES,YES,3
Informal Systems,,,NO,YES,YES,NO,YES,NO,YES,NO_WITH_VETO,NO_WITH_VETO,YES,NO_WITH_VETO,NO_WITH_VETO,NO,NO,YES,YES,ABSTAIN,NO,YES,ABSTAIN,NO_WITH_VETO,YES,YES,NO,YES,NO,YES,NO,ABSTAIN,ABSTAIN,YES,YES,NO,NO,YES,NO,YES,NO,YES,YES,YES,YES,YES,NO,YES,YES,ABSTAIN,YES,NO,,NO,YES,NO,NO,YES,ABSTAIN,YES,ABSTAIN,YES,NO,NO,YES,YES,,YES,YES,YES,3
 LavenderFive Nodes ,,YES,YES,YES,,YES,,,ABSTAIN,ABSTAIN,NO,YES,NO,,NO,NO,NO,YES,YES,NO,YES,YES,YES,YES,YES,YES,YES,YES,YES,NO,NO,YES,YES,YES,YES,NO,NO,NO,YES,NO,YES,NO,YES,NO,NO,YES,YES,YES,ABSTAIN,YES,ABSTAIN,YES,,,NO,NO,YES,NO,ABSTAIN,YES,YES,NO,YES,ABSTAIN,YES,,,,,3
KingSuper,,,,,,,,,,,,NO_WITH_VETO,,,,,,,,,,,,,,,,,,,,,,,,,,,,,,,,,,,,,,,,,,,,,,,,,,,,,,,,,,1
Frens ,,,YES,YES,ABSTAIN,NO,YES,NO,ABSTAIN,NO,NO,YES,NO,ABSTAIN,NO,NO,YES,,ABSTAIN,YES,YES,ABSTAIN,NO,YES,YES,NO,YES,NO,YES,YES,NO,YES,YES,ABSTAIN,YES,NO_WITH_VETO,YES,NO,YES,YES,YES,YES,YES,YES,YES,YES,YES,ABSTAIN,NO_WITH_VETO,ABSTAIN,ABSTAIN,YES,NO,,ABSTAIN,NO,YES,YES,ABSTAIN,ABSTAIN,YES,YES,ABSTAIN,YES,YES,,,,,3
Cosmostation,ABSTAIN,YES,NO,YES,ABSTAIN,NO,YES,ABSTAIN,YES,NO,NO,NO_WITH_VETO,NO,ABSTAIN,ABSTAIN,ABSTAIN,ABSTAIN,YES,ABSTAIN,ABSTAIN,YES,ABSTAIN,NO,ABSTAIN,YES,NO,YES,NO,NO,NO,ABSTAIN,NO,NO,YES,ABSTAIN,NO,ABSTAIN,ABSTAIN,YES,YES,YES,NO,NO,YES,YES,NO,YES,YES,YES,YES,NO,YES,NO,YES,ABSTAIN,ABSTAIN,YES,YES,ABSTAIN,ABSTAIN,YES,ABSTAIN,YES,ABSTAIN,YES,NO_VOTE,YES,YES,YES,3
Kleomedes,,,,,,,,,,,,,,,,,,,,,,,,,,,,,,,,,,,,,,,,,,,,,,,,,,,,YES,,,,,,,,,,,,,,,,,,1
DOUBLETOP,,,,,,,,,,,,,,,,,,,,,,,,,,,,,YES,YES,YES,ABSTAIN,ABSTAIN,,,,,,,,,,,,,,,,,,,,,,,,,,,,,,,,,,,,,1
White Whale,,,,,,,,,,,,,,,,,,,YES,ABSTAIN,YES,YES,YES,YES,,,,,,,,,,,,,,,,,,,,,,,,,,,,,,,,,YES,YES,ABSTAIN,YES,YES,,,,,,,,,6
Silk Nodes,,,,YES,ABSTAIN,NO,YES,NO_WITH_VETO,YES,NO,NO,YES,NO,ABSTAIN,NO,NO,YES,YES,ABSTAIN,NO,YES,YES,NO,YES,YES,NO,YES,YES,YES,YES,NO,YES,NO,YES,NO,NO,NO,ABSTAIN,YES,YES,YES,NO,YES,YES,YES,NO,YES,ABSTAIN,ABSTAIN,NO,NO,,NO_WITH_VETO,YES,WEIGHTED_VOTE,NO,YES,YES,ABSTAIN,ABSTAIN,YES,ABSTAIN,ABSTAIN,YES,NO,,,,,3
BlockHunters ,,,,,ABSTAIN,ABSTAIN,YES,ABSTAIN,YES,NO,ABSTAIN,ABSTAIN,ABSTAIN,,,NO,YES,YES,,,YES,ABSTAIN,NO,ABSTAIN,YES,NO,YES,NO,ABSTAIN,ABSTAIN,YES,YES,ABSTAIN,YES,,NO,,ABSTAIN,YES,YES,YES,NO,NO,YES,YES,,,,,,,,,YES,YES,NO,YES,YES,NO,,ABSTAIN,YES,ABSTAIN,YES,YES,,,,,7
GATA HUB,NO_VOTE,NO_VOTE,NO_VOTE,NO_VOTE,NO_VOTE,ABSTAIN,YES,NO,NO,NO,NO,ABSTAIN,ABSTAIN,NO,NO,NO,YES,YES,ABSTAIN,ABSTAIN,YES,YES,NO,YES,YES,NO,ABSTAIN,NO,YES,NO,ABSTAIN,YES,WEIGHTED_VOTE,ABSTAIN,ABSTAIN,NO_WITH_VETO,NO,ABSTAIN,YES,YES,YES,YES,NO,ABSTAIN,NO,NO,ABSTAIN,NO,NO,YES,NO,NO_VOTE,NO_VOTE,NO_VOTE,ABSTAIN,NO,ABSTAIN,ABSTAIN,ABSTAIN,ABSTAIN,YES,NO,YES,YES,YES,NO_VOTE,NO_VOTE,NO_VOTE,NO_VOTE,3
BasBlock,,,,,,,,,,,,,,,,,,,,,,,,,,,,,,,,,,,,,,,,,,,,,,,,,,,,,,,,,,,,,,,,,,NO_VOTE,,,,2
Kintsugi Nodes,,,NO,NO,ABSTAIN,YES,YES,NO,YES,NO_WITH_VETO,NO,NO,NO,NO_WITH_VETO,YES,YES,YES,ABSTAIN,YES,ABSTAIN,YES,ABSTAIN,WEIGHTED_VOTE,YES,YES,NO,YES,YES,ABSTAIN,NO,NO,YES,YES,YES,NO,NO,,YES,YES,,YES,YES,YES,NO,,NO,YES,,,,NO,YES,,YES,YES,NO,YES,YES,YES,YES,YES,NO,YES,NO,YES,,,,,3
NodesGuru,,,,,,,,,,,,,,,,,,,,,,,,,,,,,YES,YES,NO_WITH_VETO,ABSTAIN,YES,YES,YES,NO,YES,ABSTAIN,YES,YES,,ABSTAIN,ABSTAIN,YES,YES,YES,,ABSTAIN,ABSTAIN,ABSTAIN,ABSTAIN,,,,,,,,,,,,ABSTAIN,ABSTAIN,ABSTAIN,,,,,1
Coinage x DAIC,,,YES,,YES,ABSTAIN,YES,YES,,,NO,YES,ABSTAIN,ABSTAIN,NO,NO,YES,YES,ABSTAIN,ABSTAIN,YES,ABSTAIN,ABSTAIN,ABSTAIN,ABSTAIN,,YES,NO,YES,NO,ABSTAIN,YES,YES,YES,ABSTAIN,NO,YES,NO,YES,YES,YES,NO,YES,ABSTAIN,YES,NO,ABSTAIN,ABSTAIN,ABSTAIN,ABSTAIN,NO,YES,NO_WITH_VETO,ABSTAIN,ABSTAIN,ABSTAIN,YES,YES,ABSTAIN,NO,YES,ABSTAIN,ABSTAIN,YES,NO,,,,,3
blockscape,ABSTAIN,ABSTAIN,YES,YES,ABSTAIN,YES,YES,NO,YES,NO,NO,ABSTAIN,ABSTAIN,ABSTAIN,ABSTAIN,YES,YES,YES,,,YES,YES,ABSTAIN,ABSTAIN,YES,NO,YES,NO,YES,NO,YES,YES,YES,YES,YES,NO,YES,NO,YES,YES,YES,NO,YES,YES,YES,NO,YES,ABSTAIN,ABSTAIN,YES,ABSTAIN,YES,NO,YES,YES,ABSTAIN,YES,YES,ABSTAIN,YES,YES,ABSTAIN,NO,YES,NO,YES,YES,YES,YES,3
Keplr,,,,YES,,,,,,,,NO_WITH_VETO,,,,,NO,NO,NO,NO,YES,ABSTAIN,NO,YES,YES,YES,YES,YES,NO,NO,YES,YES,YES,,,NO_WITH_VETO,YES,NO,YES,YES,YES,NO,YES,YES,YES,YES,YES,NO,NO,YES,NO,YES,,,YES,NO,YES,YES,ABSTAIN,YES,YES,NO,ABSTAIN,ABSTAIN,YES,,,,,0
Stakecito,ABSTAIN,ABSTAIN,ABSTAIN,YES,YES,YES,YES,ABSTAIN,YES,NO,NO,YES,NO,NO_WITH_VETO,ABSTAIN,ABSTAIN,ABSTAIN,YES,ABSTAIN,YES,YES,ABSTAIN,NO,YES,YES,NO,YES,NO,ABSTAIN,NO,NO,YES,YES,YES,YES,NO,YES,NO,YES,YES,YES,YES,YES,YES,YES,NO,YES,YES,ABSTAIN,YES,NO,YES,NO_WITH_VETO,YES,YES,NO,YES,YES,YES,YES,YES,ABSTAIN,ABSTAIN,ABSTAIN,YES,,,,,3
Meria,,,,,,,,,,,,,,,,,,,,,YES,ABSTAIN,NO,YES,YES,NO,YES,ABSTAIN,YES,YES,NO,NO,YES,YES,ABSTAIN,NO,YES,YES,YES,YES,YES,ABSTAIN,ABSTAIN,ABSTAIN,YES,,,ABSTAIN,YES,YES,YES,,,,,,,,,,YES,NO,ABSTAIN,ABSTAIN,YES,,,,,7
PRO Delegators,,,,,,,,,,,,,,,,,,,,,ABSTAIN,ABSTAIN,ABSTAIN,ABSTAIN,YES,NO,YES,NO,YES,NO,NO,ABSTAIN,ABSTAIN,YES,NO,NO,NO,NO,YES,ABSTAIN,YES,NO,NO,YES,YES,NO,YES,YES,NO,ABSTAIN,NO,,,,,,,,ABSTAIN,YES,ABSTAIN,ABSTAIN,ABSTAIN,ABSTAIN,YES,,,,,7
Interstellar Lounge ,,,,,,,,,,,ABSTAIN,YES,ABSTAIN,ABSTAIN,,,,,,,,,,,,NO,YES,ABSTAIN,YES,NO,NO,YES,YES,YES,YES,NO,YES,ABSTAIN,YES,YES,YES,YES,YES,NO,YES,YES,YES,YES,YES,YES,NO_WITH_VETO,,,,NO,NO,,,,,,,YES,ABSTAIN,YES,,,,,6
DELIGHT,,,,,,,,,,,,,,,,,,,,,,,,,,,,,YES,ABSTAIN,YES,ABSTAIN,ABSTAIN,YES,ABSTAIN,NO,YES,ABSTAIN,ABSTAIN,ABSTAIN,ABSTAIN,ABSTAIN,NO,ABSTAIN,ABSTAIN,NO,ABSTAIN,ABSTAIN,ABSTAIN,ABSTAIN,,,,,,,,,,,,,ABSTAIN,ABSTAIN,YES,,,,,7
DSRV,,,,YES,NO,NO,YES,NO,,,ABSTAIN,ABSTAIN,ABSTAIN,,ABSTAIN,ABSTAIN,NO,YES,,ABSTAIN,YES,ABSTAIN,ABSTAIN,YES,ABSTAIN,ABSTAIN,YES,YES,YES,NO,ABSTAIN,YES,NO,ABSTAIN,ABSTAIN,NO_WITH_VETO,YES,NO,YES,ABSTAIN,YES,NO,ABSTAIN,ABSTAIN,ABSTAIN,ABSTAIN,ABSTAIN,NO,ABSTAIN,YES,NO,,,YES,ABSTAIN,ABSTAIN,,,NO,ABSTAIN,YES,YES,ABSTAIN,ABSTAIN,ABSTAIN,,,,,3
Blockdaemon,NO_VOTE,YES,NO_VOTE,ABSTAIN,NO_VOTE,ABSTAIN,YES,NO,ABSTAIN,ABSTAIN,NO,YES,NO,NO,ABSTAIN,NO,YES,YES,ABSTAIN,ABSTAIN,YES,ABSTAIN,NO_WITH_VETO,ABSTAIN,YES,NO,YES,NO,YES,NO,NO_VOTE,YES,,YES,NO_VOTE,NO_VOTE,NO_VOTE,NO_VOTE,NO_VOTE,NO_VOTE,NO_VOTE,NO_VOTE,NO_VOTE,NO_VOTE,NO_VOTE,NO_VOTE,YES,YES,ABSTAIN,ABSTAIN,NO,NO_VOTE,NO_WITH_VETO,YES,YES,NO,YES,ABSTAIN,ABSTAIN,ABSTAIN,YES,ABSTAIN,YES,YES,YES,NO_VOTE,NO_VOTE,YES,NO_VOTE,3
MMS,,,,,,,,,ABSTAIN,ABSTAIN,,,,,,,,,,,,,,,,,,,,,,,,,,,,,,,,,,,,,,,,,,,,,,,,,,,,,,,,,,,,0
BronBro,,,,,NO,NO,YES,NO_WITH_VETO,YES,YES,NO,NO,NO,ABSTAIN,NO,YES,YES,YES,ABSTAIN,NO,YES,YES,NO,YES,,NO,YES,NO,NO,NO,NO,NO,WEIGHTED_VOTE,YES,NO,NO_WITH_VETO,NO,YES,YES,NO,YES,NO,NO,NO_WITH_VETO,NO,NO,YES,NO,NO,NO,NO,,,,WEIGHTED_VOTE,NO,YES,YES,YES,ABSTAIN,YES,ABSTAIN,YES,ABSTAIN,NO,,,,,3
Cypher Core,,ABSTAIN,NO,YES,NO,NO,YES,NO_WITH_VETO,YES,NO,NO,YES,NO,ABSTAIN,ABSTAIN,NO,YES,YES,ABSTAIN,ABSTAIN,YES,ABSTAIN,NO_WITH_VETO,ABSTAIN,YES,NO,YES,YES,YES,NO,ABSTAIN,YES,YES,YES,ABSTAIN,NO,YES,NO,YES,YES,YES,NO,YES,YES,YES,YES,YES,ABSTAIN,NO,ABSTAIN,ABSTAIN,ABSTAIN,NO_WITH_VETO,YES,YES,NO,YES,ABSTAIN,ABSTAIN,YES,YES,YES,ABSTAIN,ABSTAIN,YES,,YES,YES,YES,3
node101,,,,,,,,,,,,,,,,,,,,,,,,,YES,,,ABSTAIN,NO,ABSTAIN,ABSTAIN,ABSTAIN,YES,YES,NO,NO,YES,NO,YES,YES,YES,YES,YES,YES,YES,YES,YES,YES,ABSTAIN,YES,NO_WITH_VETO,,,,,,,,,,,,YES,ABSTAIN,YES,,,,,4
test,NO_VOTE,NO_VOTE,NO_VOTE,NO_VOTE,NO_VOTE,NO_VOTE,NO_VOTE,NO_VOTE,NO_VOTE,NO_VOTE,NO_VOTE,,NO_VOTE,NO_VOTE,NO_VOTE,NO_VOTE,NO_VOTE,NO_VOTE,NO_VOTE,NO_VOTE,NO_VOTE,NO_VOTE,NO_VOTE,NO_VOTE,NO_VOTE,NO_VOTE,NO_VOTE,NO_VOTE,NO_VOTE,NO_VOTE,NO_VOTE,NO_VOTE,,NO_VOTE,NO_VOTE,NO_VOTE,NO_VOTE,NO_VOTE,NO_VOTE,NO_VOTE,NO_VOTE,NO_VOTE,NO_VOTE,NO_VOTE,NO_VOTE,NO_VOTE,NO_VOTE,NO_VOTE,NO_VOTE,NO_VOTE,NO_VOTE,NO_VOTE,NO_VOTE,NO_VOTE,NO_VOTE,NO_VOTE,NO_VOTE,NO_VOTE,NO_VOTE,NO_VOTE,NO_VOTE,NO_VOTE,NO_VOTE,NO_VOTE,NO_VOTE,NO_VOTE,NO_VOTE,NO_VOTE,NO_VOTE,7
Stakeflow,,,,,,,YES,ABSTAIN,YES,ABSTAIN,NO,YES,NO,ABSTAIN,ABSTAIN,ABSTAIN,ABSTAIN,YES,,,,ABSTAIN,,YES,YES,NO,YES,NO,YES,NO,ABSTAIN,YES,ABSTAIN,YES,YES,NO,YES,ABSTAIN,YES,YES,YES,ABSTAIN,ABSTAIN,YES,YES,ABSTAIN,YES,ABSTAIN,ABSTAIN,YES,ABSTAIN,,,,YES,,,,YES,YES,YES,,ABSTAIN,ABSTAIN,YES,,YES,YES,YES,7
ChainLayer,,YES,ABSTAIN,YES,YES,ABSTAIN,YES,NO,YES,NO,NO,NO_WITH_VETO,NO,NO,ABSTAIN,ABSTAIN,YES,YES,YES,ABSTAIN,YES,ABSTAIN,ABSTAIN,ABSTAIN,YES,NO,YES,,YES,ABSTAIN,,YES,NO,YES,ABSTAIN,NO,YES,ABSTAIN,YES,YES,YES,ABSTAIN,ABSTAIN,ABSTAIN,ABSTAIN,,,,,,,YES,NO_WITH_VETO,YES,YES,NO,YES,,ABSTAIN,YES,YES,YES,,,,,,,,3
Active Nodes,,,YES,YES,NO,YES,YES,NO,NO,NO,NO,YES,NO,NO_WITH_VETO,NO,ABSTAIN,ABSTAIN,YES,,NO,YES,ABSTAIN,NO,NO,YES,YES,YES,YES,YES,YES,YES,ABSTAIN,YES,YES,YES,NO,ABSTAIN,NO,YES,YES,,,,,,,,,,,,YES,NO_WITH_VETO,YES,NO,NO,YES,YES,,NO,YES,ABSTAIN,,,,,,,,3
strangelove,,YES,YES,YES,YES,NO,,NO_WITH_VETO,YES,NO_WITH_VETO,NO_WITH_VETO,YES,NO_WITH_VETO,NO_WITH_VETO,ABSTAIN,,,,ABSTAIN,ABSTAIN,YES,,YES,YES,,NO,YES,YES,,,YES,YES,YES,,YES,NO,YES,NO,YES,YES,YES,YES,,,,,,,NO,YES,YES,YES,,,YES,,YES,YES,,NO,YES,,NO,YES,,NO,,YES,,1
Allnodes,,ABSTAIN,ABSTAIN,ABSTAIN,YES,NO,YES,ABSTAIN,ABSTAIN,NO,NO,ABSTAIN,NO,NO,NO,NO,YES,YES,,,YES,ABSTAIN,NO,YES,YES,NO,YES,NO,NO,ABSTAIN,NO,NO,NO,YES,YES,NO,YES,NO,YES,ABSTAIN,YES,NO,NO,NO,NO,NO,YES,NO,ABSTAIN,YES,NO,ABSTAIN,NO_WITH_VETO,YES,YES,,YES,,ABSTAIN,ABSTAIN,YES,ABSTAIN,YES,ABSTAIN,YES,,,,,3
Klub Staking,,,NO,ABSTAIN,YES,ABSTAIN,,NO,YES,,NO,ABSTAIN,NO,,YES,ABSTAIN,,YES,NO,ABSTAIN,YES,ABSTAIN,NO,,YES,NO,YES,ABSTAIN,YES,,YES,,YES,YES,ABSTAIN,NO,ABSTAIN,ABSTAIN,YES,YES,YES,NO,ABSTAIN,ABSTAIN,YES,,,,,,,,NO,YES,YES,,YES,,,,,,,,YES,,,,,3
FreshSTAKING,NO,YES,NO,YES,YES,ABSTAIN,YES,NO,YES,NO,NO_WITH_VETO,YES,NO_WITH_VETO,NO_WITH_VETO,NO,NO,YES,YES,YES,YES,YES,YES,ABSTAIN,YES,YES,NO,YES,NO,YES,NO,YES,ABSTAIN,YES,YES,NO,NO,NO,NO,YES,YES,YES,YES,ABSTAIN,YES,YES,ABSTAIN,YES,NO,YES,NO,NO,YES,NO_WITH_VETO,YES,NO,NO,YES,YES,NO,YES,ABSTAIN,NO,YES,ABSTAIN,NO,,,YES,YES,3
SmartNodes,NO,NO,NO_WITH_VETO,YES,ABSTAIN,YES,,,YES,ABSTAIN,NO,NO_WITH_VETO,NO,,,,,,ABSTAIN,ABSTAIN,,,NO,,YES,,,,,,,NO,YES,,,,,,,,YES,NO,,,,,,,YES,,,YES,,,NO,NO,YES,YES,ABSTAIN,,,,YES,NO,,,,,,7
CryptoDungeon,,,,,,,,,,,,,,,,,,,,,,,,,,YES,YES,NO,YES,NO,YES,NO_WITH_VETO,YES,YES,NO,NO,YES,ABSTAIN,YES,YES,YES,YES,YES,YES,YES,YES,YES,YES,NO,ABSTAIN,ABSTAIN,,,,,,,,,,,,YES,ABSTAIN,NO,,,,,1
commercionetwork,YES,ABSTAIN,NO_WITH_VETO,YES,,,,ABSTAIN,ABSTAIN,ABSTAIN,NO,YES,NO,ABSTAIN,YES,YES,NO,YES,YES,YES,YES,YES,ABSTAIN,ABSTAIN,YES,NO,YES,,YES,NO,,YES,,YES,YES,,,,,,,,ABSTAIN,,,,,,,,,YES,,,YES,NO,YES,YES,,NO,YES,ABSTAIN,,,,,,,,7
SHUTTING DOWN AUDITone,ABSTAIN,ABSTAIN,NO,YES,ABSTAIN,YES,YES,NO,ABSTAIN,ABSTAIN,NO,YES,NO,ABSTAIN,ABSTAIN,ABSTAIN,YES,ABSTAIN,,YES,YES,ABSTAIN,NO,YES,ABSTAIN,NO,YES,YES,YES,YES,NO,ABSTAIN,YES,YES,YES,NO,YES,YES,YES,YES,YES,ABSTAIN,ABSTAIN,YES,YES,YES,YES,,,,,ABSTAIN,NO_WITH_VETO,YES,YES,NO,YES,ABSTAIN,ABSTAIN,NO,ABSTAIN,ABSTAIN,,,,ABSTAIN,NO_VOTE,NO_VOTE,NO_VOTE,3
S16 Research Ventures,NO_VOTE,ABSTAIN,YES,NO,NO,NO,YES,NO_WITH_VETO,NO,NO,NO,NO_WITH_VETO,NO,NO_WITH_VETO,NO,NO,YES,YES,NO,NO,YES,ABSTAIN,NO,YES,YES,NO,YES,NO,YES,NO,NO,YES,YES,YES,YES,NO,YES,NO,YES,YES,YES,NO,NO,YES,YES,NO,ABSTAIN,ABSTAIN,NO,YES,NO,YES,NO_VOTE,YES,YES,NO,YES,ABSTAIN,NO,YES,YES,ABSTAIN,YES,ABSTAIN,YES,NO_VOTE,NO_VOTE,NO_VOTE,NO_VOTE,3
dForce,,NO,NO,YES,ABSTAIN,YES,,NO,NO,NO,NO,YES,NO,NO,NO,NO,,YES,,YES,YES,ABSTAIN,NO_WITH_VETO,ABSTAIN,YES,YES,YES,YES,YES,NO,NO,,YES,YES,YES,,,NO,YES,YES,YES,NO,,,,,,,,,,YES,NO_WITH_VETO,,YES,NO,NO,NO,,NO,,ABSTAIN,,,YES,,,,,7
ShapeShift DAO,,,,YES,NO,YES,YES,NO,YES,ABSTAIN,,NO_WITH_VETO,NO,,NO,ABSTAIN,ABSTAIN,YES,ABSTAIN,NO,YES,YES,ABSTAIN,ABSTAIN,ABSTAIN,NO,YES,NO,YES,NO,NO,ABSTAIN,NO,YES,,NO,,NO,,YES,YES,NO,ABSTAIN,YES,YES,NO,ABSTAIN,NO,,,NO,YES,NO_WITH_VETO,YES,YES,NO,YES,YES,NO,NO,YES,ABSTAIN,,,,YES,,,,3
Leonoors Cryptoman,,,,,,,,,,,,,,,,,,,,,,,,,,,,,,,,,,,,,,,,,,,,,,,,,,,,,,,,,,,,,,,,,,,,,,3
iqlusion,YES,NO_VOTE,YES,YES,YES,NO_VOTE,YES,NO_WITH_VETO,YES,NO_WITH_VETO,NO_WITH_VETO,YES,NO,NO_VOTE,,NO_VOTE,,,NO_VOTE,NO_VOTE,YES,YES,YES,YES,,NO_WITH_VETO,,YES,YES,YES,NO,YES,YES,ABSTAIN,YES,NO,YES,,YES,YES,YES,YES,,NO_VOTE,YES,NO_VOTE,NO_VOTE,YES,NO_VOTE,NO_VOTE,NO_VOTE,NO_VOTE,NO_VOTE,NO_VOTE,YES,,YES,YES,NO_VOTE,,,NO_VOTE,NO_VOTE,YES,NO_VOTE,NO_VOTE,YES,YES,YES,7
Tedcryptoio   TedLotto,NO_VOTE,NO_VOTE,,,NO_VOTE,NO_VOTE,,,,,,,,NO_VOTE,,,,,,,,,,,,,,,,,,,,,,,,,,,,,,,,,,NO_VOTE,,,NO_VOTE,NO_VOTE,NO_VOTE,NO_VOTE,,,,,,,,,,,,NO_VOTE,NO_VOTE,NO_VOTE,NO_VOTE,1
validatornetwork,,,NO,,,,,,,,,,,,,,,,,,,,,,,NO,YES,YES,,,,YES,NO,,,,,,,,,,,,,,,,,,,YES,,,,,,,,,,,,,,NO_VOTE,NO_VOTE,NO_VOTE,NO_VOTE,7
Trust Nodes,,,,,,,,,,,,,,,,,,,,,,,,,,,,,ABSTAIN,NO,ABSTAIN,ABSTAIN,ABSTAIN,ABSTAIN,YES,NO,ABSTAIN,ABSTAIN,ABSTAIN,YES,YES,ABSTAIN,ABSTAIN,ABSTAIN,ABSTAIN,ABSTAIN,ABSTAIN,ABSTAIN,ABSTAIN,ABSTAIN,ABSTAIN,,,,,,,,,,,,ABSTAIN,ABSTAIN,ABSTAIN,NO_VOTE,NO_VOTE,NO_VOTE,NO_VOTE,6
Interbloc,,,,,,,,,,,,,,,,,,,,,,,,,,,,,,,,,,,,,,,,,,,,,,,,,,,,,,,,,,,,,,,,,,NO_VOTE,,,,1
Valnodes  Carbon Neutral Staking,,,,,,,,,,,,,,,,,,,,,,,,,,,,,,,,,,,,,,,,,,,,,,,,,,,,,,,,,,,,,,,,,,,,,,2
Everstake,,,,YES,ABSTAIN,NO,YES,NO,YES,NO,NO,YES,NO,NO,ABSTAIN,ABSTAIN,YES,YES,YES,YES,YES,ABSTAIN,ABSTAIN,YES,YES,NO,YES,NO,YES,NO,ABSTAIN,YES,ABSTAIN,YES,YES,NO,YES,NO,YES,YES,YES,NO,YES,YES,YES,NO,YES,YES,ABSTAIN,YES,NO,YES,NO_WITH_VETO,YES,YES,ABSTAIN,YES,ABSTAIN,ABSTAIN,YES,YES,NO,ABSTAIN,YES,YES,,YES,YES,YES,6
CroutonDigital,,,,,,,,,,,,,,,,,,,,,,,,,,,,,,,,,,,,,,,,,,,,YES,YES,YES,YES,YES,NO_WITH_VETO,ABSTAIN,NO_WITH_VETO,,,,,,,,,,,,NO_WITH_VETO,NO_WITH_VETO,YES,,,,,7
StakeRelax ,,,,,,,,,,,,,,,,,,,,,,,,,,NO,YES,NO,YES,,YES,NO,YES,ABSTAIN,YES,NO_WITH_VETO,YES,NO,YES,YES,YES,NO,ABSTAIN,,YES,NO,YES,NO,NO,YES,NO,,,,,,,,,,,,ABSTAIN,ABSTAIN,NO,,,,,7
 Vortexlive ,YES,ABSTAIN,NO,YES,YES,YES,YES,,ABSTAIN,NO,NO,NO_WITH_VETO,NO,ABSTAIN,ABSTAIN,,,,NO,ABSTAIN,YES,ABSTAIN,,,ABSTAIN,NO,YES,NO,YES,NO,YES,NO,YES,ABSTAIN,ABSTAIN,NO,ABSTAIN,ABSTAIN,YES,YES,YES,YES,ABSTAIN,YES,ABSTAIN,NO,YES,ABSTAIN,ABSTAIN,ABSTAIN,ABSTAIN,YES,NO_WITH_VETO,YES,YES,NO,YES,ABSTAIN,,,ABSTAIN,,YES,ABSTAIN,ABSTAIN,NO,YES,YES,YES,7
Blockpower,,NO,NO,,,,YES,,,,,,,,,,,,,NO,YES,ABSTAIN,NO_WITH_VETO,ABSTAIN,YES,YES,YES,YES,YES,NO,NO,,NO,YES,YES,,,NO,YES,YES,YES,NO,YES,,,,,,,,,YES,,YES,,NO,YES,NO,,YES,YES,ABSTAIN,,,YES,NO,,,,7
AIR DROP STATION,ABSTAIN,ABSTAIN,NO,ABSTAIN,ABSTAIN,NO,YES,ABSTAIN,ABSTAIN,ABSTAIN,YES,YES,NO,NO,ABSTAIN,,,,,,,,,,,,,,,,,,,,,,,,,,,,,,,,,,,,,ABSTAIN,ABSTAIN,YES,,,,,,,,,,,,,,,,7
IcyCRO ,YES,YES,NO,YES,YES,NO,YES,ABSTAIN,YES,NO,NO,YES,NO,ABSTAIN,NO,NO,YES,YES,YES,NO,YES,YES,NO,YES,YES,NO,YES,WEIGHTED_VOTE,YES,ABSTAIN,YES,YES,YES,,YES,NO,YES,NO,YES,YES,YES,YES,YES,YES,YES,NO,YES,YES,ABSTAIN,YES,NO,YES,NO,YES,YES,NO,YES,YES,YES,YES,YES,NO,ABSTAIN,,YES,,,,,7
Inactive Validator,,YES,YES,YES,,,,,,,,,,,,,,,,,,,,,,,,,,,,,,,,,,,,,,,,,,,,,,,,YES,,,,,,,,,,,,,,,,,,2
Sunshine Validation solarpower,,,NO,YES,,,,,,,,,,,,,,,,,,,,,,,,,,,,,,,,,,,,,,,,,,,,,,,,YES,,,,,,,,,,,,,,,,,,2
Multiplex,,,,,,,,,YES,ABSTAIN,NO,YES,ABSTAIN,,NO,NO,YES,YES,ABSTAIN,ABSTAIN,YES,ABSTAIN,ABSTAIN,YES,YES,YES,YES,YES,YES,ABSTAIN,NO,,YES,,YES,NO,,ABSTAIN,YES,YES,,,YES,YES,YES,,,,,,,,,,YES,NO,YES,NO,,,YES,YES,,,,,,,,7
PRYZM  StakeDrop,,,,,,,,,,,,,,,,,,,ABSTAIN,,YES,,NO,YES,,NO,YES,NO,YES,NO,,,NO,,,NO,YES,NO,YES,YES,YES,YES,YES,YES,YES,NO,YES,YES,ABSTAIN,YES,NO,,,,YES,ABSTAIN,YES,YES,NO,YES,,,YES,ABSTAIN,YES,,,,,7
EZ Staking,YES,YES,NO_WITH_VETO,ABSTAIN,ABSTAIN,YES,YES,NO_WITH_VETO,NO,NO,NO_VOTE,NO_WITH_VETO,YES,YES,NO_VOTE,NO_VOTE,YES,YES,ABSTAIN,ABSTAIN,YES,ABSTAIN,NO_WITH_VETO,NO_WITH_VETO,YES,NO,NO_WITH_VETO,NO_WITH_VETO,ABSTAIN,NO,NO,NO,YES,ABSTAIN,NO,NO_WITH_VETO,NO,ABSTAIN,YES,ABSTAIN,YES,NO,YES,NO_VOTE,NO_VOTE,NO_VOTE,NO_VOTE,NO,YES,YES,NO_WITH_VETO,ABSTAIN,NO_WITH_VETO,ABSTAIN,ABSTAIN,NO,ABSTAIN,NO,NO,NO_VOTE,YES,NO_VOTE,ABSTAIN,ABSTAIN,YES,NO_VOTE,NO_VOTE,NO_VOTE,NO_VOTE,7
Regenerator  Green Validator ,,,,,,,,,,,,,,,,,,,,,,,,,,,,,,,,,,,,,,,,,,,,,,,,,,,,,,,,,,,,,,,,,YES,,,,,1
Stakin,ABSTAIN,YES,YES,YES,YES,ABSTAIN,YES,NO,NO,NO_WITH_VETO,NO,YES,NO,NO,NO,NO,YES,YES,ABSTAIN,YES,YES,ABSTAIN,NO,YES,YES,NO,YES,NO,YES,NO,NO,ABSTAIN,YES,YES,YES,NO,YES,NO,YES,YES,YES,NO,ABSTAIN,YES,YES,ABSTAIN,ABSTAIN,ABSTAIN,ABSTAIN,ABSTAIN,ABSTAIN,YES,NO_WITH_VETO,YES,YES,NO,YES,YES,YES,YES,YES,YES,ABSTAIN,ABSTAIN,YES,,NO,YES,YES,7
Disperze,NO_VOTE,NO_VOTE,,,,NO_VOTE,,,,,,,,NO_VOTE,,,,,,,,,,,,,,,,,,,,,,,,,,,,,,,,,,NO_VOTE,,,NO_VOTE,NO_VOTE,NO_VOTE,NO_VOTE,,,,,,,,,,,,NO_VOTE,NO_VOTE,NO_VOTE,NO_VOTE,1
windpowerstake,NO,ABSTAIN,NO,NO,NO,NO,YES,NO,YES,NO,NO,YES,NO,NO_WITH_VETO,ABSTAIN,NO,YES,YES,NO,YES,,YES,NO,YES,,NO,YES,NO,NO,ABSTAIN,YES,NO,YES,YES,NO,NO,YES,YES,YES,,ABSTAIN,YES,NO,NO,NO,NO,YES,NO,YES,YES,NO_WITH_VETO,YES,NO_WITH_VETO,YES,YES,NO,YES,YES,,,YES,NO,YES,NO,YES,,,,,7
Please Redelegate,NO_VOTE,NO_VOTE,NO_VOTE,NO_VOTE,NO_VOTE,NO_VOTE,NO_VOTE,NO_VOTE,,NO_VOTE,,,,NO_VOTE,NO_VOTE,NO_VOTE,NO_VOTE,NO_VOTE,NO_VOTE,NO_VOTE,NO_VOTE,NO_VOTE,NO_VOTE,NO_VOTE,NO_VOTE,,,,,,NO_VOTE,,,,,,,,,,,,NO_VOTE,NO_VOTE,NO_VOTE,NO_VOTE,NO_VOTE,NO_VOTE,NO_VOTE,NO_VOTE,NO_VOTE,NO_VOTE,NO_VOTE,NO_VOTE,NO_VOTE,NO_VOTE,NO_VOTE,NO_VOTE,NO_VOTE,NO_VOTE,NO_VOTE,NO_VOTE,NO_VOTE,NO_VOTE,NO_VOTE,NO_VOTE,NO_VOTE,NO_VOTE,NO_VOTE,1
WeStaking,ABSTAIN,ABSTAIN,NO,YES,YES,,YES,NO_WITH_VETO,YES,ABSTAIN,YES,NO_WITH_VETO,NO,NO,NO,NO,YES,YES,YES,NO,YES,YES,NO,YES,YES,NO,YES,YES,YES,NO,YES,NO,NO,YES,YES,NO,YES,NO,YES,YES,YES,NO,NO,YES,YES,NO,YES,ABSTAIN,ABSTAIN,YES,NO,YES,NO,YES,YES,NO,YES,ABSTAIN,,YES,YES,,,,YES,YES,YES,YES,YES,3
redelegateplease,,,,,,,,,,,,,,,,,,,YES,YES,,,,,,YES,YES,NO,YES,YES,YES,ABSTAIN,YES,YES,YES,NO,YES,NO,YES,YES,YES,YES,,,,,,,,,,,,,,NO,YES,,,,,,,,,,,,,1
Enigma,,,,,,,,,,,,,,,,,,,,,,ABSTAIN,NO,YES,YES,ABSTAIN,YES,NO,NO,NO,NO,,YES,ABSTAIN,NO,NO,NO,ABSTAIN,YES,ABSTAIN,YES,ABSTAIN,YES,YES,YES,NO,ABSTAIN,NO,NO,ABSTAIN,ABSTAIN,,,,,,,,,,YES,ABSTAIN,YES,ABSTAIN,YES,,,,,7
nysanetwork,NO_VOTE,NO_VOTE,NO_VOTE,NO_VOTE,NO_VOTE,NO_VOTE,NO_VOTE,NO_VOTE,YES,NO_WITH_VETO,NO,NO,YES,NO_VOTE,NO_VOTE,NO_VOTE,NO_VOTE,NO_VOTE,YES,ABSTAIN,NO_VOTE,NO_VOTE,NO_VOTE,NO_VOTE,NO_VOTE,NO_VOTE,NO_VOTE,NO_VOTE,NO_VOTE,NO_VOTE,NO_VOTE,NO_VOTE,,,,NO_VOTE,NO_VOTE,,NO_VOTE,NO_VOTE,NO_VOTE,,NO_VOTE,NO_VOTE,NO_VOTE,NO_VOTE,NO_VOTE,NO_VOTE,NO_VOTE,NO_VOTE,NO_VOTE,NO_VOTE,NO_VOTE,NO_VOTE,YES,NO,YES,YES,ABSTAIN,YES,NO_VOTE,NO_VOTE,NO_VOTE,NO_VOTE,NO_VOTE,NO_VOTE,NO_VOTE,NO_VOTE,NO_VOTE,7
ChainTools,,,,,,,,,YES,NO,NO,YES,NO,,,,,,,,,,,,,,,,,,,,,,,,,,,,,,,,,,,,,,,,,,,,,,,,,,,,,,,,,1
Shutting down redelegate,,,,,,,YES,NO_WITH_VETO,YES,NO,NO,NO,NO,,NO,,,YES,,,,,,,,,,,,,,,,,,,,,,,,,,,,,,,,,,,,,YES,,,,,,,,,,,,,,,7
HashKey Cloud,,,,,,,,,,,,,,,,,,YES,ABSTAIN,ABSTAIN,YES,ABSTAIN,NO,ABSTAIN,YES,NO,YES,NO,YES,NO,ABSTAIN,ABSTAIN,ABSTAIN,ABSTAIN,YES,NO,YES,ABSTAIN,YES,YES,YES,ABSTAIN,ABSTAIN,,YES,NO,ABSTAIN,,,,,,,,YES,NO,YES,YES,,ABSTAIN,YES,ABSTAIN,ABSTAIN,ABSTAIN,,,,,,7
 uGaenn ,,YES,NO,YES,YES,YES,,NO,YES,NO,NO,YES,NO,NO,NO,NO,YES,YES,NO,NO,YES,NO,NO,YES,NO,,,NO,NO,NO,,ABSTAIN,,,,,,,,,,,,,,,,,,,,,NO,YES,YES,NO,NO,NO,NO,YES,NO,NO,,,,,,,,6
PUPMS,,,YES,NO,ABSTAIN,YES,YES,ABSTAIN,YES,ABSTAIN,NO,NO_WITH_VETO,YES,,YES,NO,YES,YES,YES,NO,NO,YES,ABSTAIN,NO,NO,YES,YES,ABSTAIN,YES,YES,YES,NO,NO_WITH_VETO,YES,NO,NO,NO,NO,YES,YES,YES,NO,NO,NO,NO,YES,YES,YES,YES,NO,NO,,NO_WITH_VETO,YES,NO,NO,YES,YES,NO,YES,YES,YES,NO,NO,YES,,,,,7
LOA Labs,,,,,,,,,,,,,,,,,,,,,,YES,ABSTAIN,YES,YES,NO,YES,NO,YES,YES,YES,YES,YES,YES,ABSTAIN,,,,,,,,,,,,,,,,,,,,,,,,,,YES,ABSTAIN,,,,,,,,1
Shutting down please redelegate,YES,YES,ABSTAIN,YES,YES,YES,YES,NO,NO,ABSTAIN,NO,YES,NO_VOTE,NO,ABSTAIN,YES,NO_VOTE,YES,NO_VOTE,NO_VOTE,YES,NO_VOTE,NO_VOTE,NO_VOTE,NO_VOTE,NO_VOTE,NO_VOTE,NO_VOTE,NO_VOTE,NO_VOTE,NO_VOTE,NO_VOTE,,NO_VOTE,NO_VOTE,NO_VOTE,NO_VOTE,NO_VOTE,NO_VOTE,NO_VOTE,NO_VOTE,NO_VOTE,NO_VOTE,NO_VOTE,NO_VOTE,NO_VOTE,NO_VOTE,NO_VOTE,NO_VOTE,NO_VOTE,NO_VOTE,YES,NO,YES,YES,NO_VOTE,NO_VOTE,NO_VOTE,NO,YES,NO_VOTE,NO_VOTE,NO_VOTE,NO_VOTE,NO_VOTE,NO_VOTE,NO_VOTE,NO_VOTE,NO_VOTE,7
Wetez,,YES,YES,YES,YES,YES,YES,YES,YES,YES,YES,YES,YES,YES,,,YES,YES,YES,YES,,,,,YES,YES,YES,YES,YES,YES,YES,YES,,,NO,,,,,,,,,,,,,,,,,,YES,YES,,YES,YES,YES,,,YES,,,,,,YES,YES,YES,5
Architect Nodes,,,,,,,,,NO,NO,NO_WITH_VETO,YES,NO,NO,NO,NO,YES,ABSTAIN,YES,ABSTAIN,YES,YES,NO,YES,YES,NO_WITH_VETO,YES,NO_WITH_VETO,YES,ABSTAIN,NO,NO,YES,YES,YES,NO,YES,YES,YES,YES,YES,YES,ABSTAIN,ABSTAIN,ABSTAIN,NO,ABSTAIN,NO,YES,YES,ABSTAIN,,,,YES,NO,YES,YES,ABSTAIN,NO,YES,YES,YES,ABSTAIN,YES,,,,,7
BitValidator,,,,,,YES,,,YES,YES,NO,NO_WITH_VETO,ABSTAIN,,,,,,,,,,,,,NO,YES,NO,YES,YES,ABSTAIN,ABSTAIN,YES,YES,ABSTAIN,NO,YES,,YES,YES,YES,NO,,,,,,,,,,,,,,,,,,,,YES,,,,,,,,7
Inactive,,,,,,,,,,,,,,,,,,,,,,,,,,,,,,,,,,,,,,,,,,,,,,,,,,,,,,,,,,YES,,,,,,,,,,,,1
Huginn,,,,,,,,,,,,,,,,,,,,,,,,,,,,,,,,,YES,YES,ABSTAIN,NO,YES,NO,YES,YES,YES,NO,YES,ABSTAIN,YES,ABSTAIN,YES,NO,ABSTAIN,,NO,,,,,,,,,,,,NO,YES,YES,,,,,7
Crypto Plant,,ABSTAIN,NO,,,,,,ABSTAIN,,,,,,,,,,,,,,,,,,,,,,,,,,,,,,,,,,,,,,,,,,,YES,,YES,,,,,,,,,,,,,,,,6
Virtual Hive,,,YES,YES,YES,YES,YES,NO,YES,ABSTAIN,NO,NO,NO,ABSTAIN,NO,NO,YES,YES,YES,ABSTAIN,YES,YES,YES,YES,YES,NO,YES,YES,YES,ABSTAIN,YES,,YES,YES,YES,NO,YES,YES,YES,YES,YES,YES,ABSTAIN,YES,YES,ABSTAIN,YES,YES,ABSTAIN,YES,NO,YES,NO_WITH_VETO,YES,YES,NO,YES,NO,,,YES,YES,YES,ABSTAIN,YES,,,,,7
Easy 2 Stake,,YES,NO,YES,NO,YES,YES,ABSTAIN,YES,NO,NO,NO_WITH_VETO,NO,NO_WITH_VETO,ABSTAIN,,YES,YES,ABSTAIN,NO,YES,ABSTAIN,NO,ABSTAIN,,NO,YES,NO,ABSTAIN,NO,ABSTAIN,YES,NO,YES,ABSTAIN,NO,YES,NO,YES,ABSTAIN,YES,NO,ABSTAIN,YES,YES,NO,YES,NO,,,,ABSTAIN,NO_WITH_VETO,YES,NO,NO,YES,ABSTAIN,NO,,NO,NO,,,NO,,,,,6
Sikka,NO_VOTE,,,,,,,,YES,,,YES,,,,,,,,,,,,,,,,YES,,,,,YES,,,,YES,,,,,,,,,,,,,,,,,,,,,,,,,,YES,,,YES,YES,YES,NO_VOTE,5
SNZPool,,,,,,NO,YES,ABSTAIN,YES,NO,NO,YES,NO,,,,,,,,,,,,,,,,,,,,,,,,,,,,,,,,,,,,,,,,,,,,,,,,,,,,,,,,,7
Huobi,,,,,,,YES,,YES,NO,NO,YES,NO,,,,,,,,,,,,,NO,YES,NO,,,,,,,,,,,,,,,,,,,,,,,,,,YES,,,,,,,,,,,,,,,,7
stakezone,,,,,,,,,,,,,,,,,,,,,,,,,,,,,,,,,,,,,,,,,,,,,,,,,,,,,,,,,,,,,,,,,,YES,YES,YES,YES,5
MANTRA,,,,,,NO,,,ABSTAIN,ABSTAIN,,,,,,,,,,,,,,,,,,,,,,,,,,,,,,,,,,,,ABSTAIN,ABSTAIN,,,,,,,,,,,,,,,,ABSTAIN,ABSTAIN,ABSTAIN,,ABSTAIN,,,4
cosmosrescue,,,,,,,,,,,,,,,,,,,,,,,,,,,,,YES,NO,ABSTAIN,ABSTAIN,ABSTAIN,YES,NO,NO_WITH_VETO,YES,NO,YES,YES,YES,NO,NO,YES,NO,NO,ABSTAIN,YES,ABSTAIN,ABSTAIN,NO,,,,,,,,,,,,YES,ABSTAIN,NO,,,,,4
DLINODESCOM,,,,,,,,,,,,,,,,,,,,,,,,,,,,,,,,,,,,,,,,,,,,,,,,,,,,,,,,,,,,,,,,,,,,,,4
decommissioned,,,,YES,,,,,,,,,,,ABSTAIN,NO,YES,YES,,ABSTAIN,YES,,,,YES,NO,YES,,,ABSTAIN,,YES,,,,,,,,,,,,,,,,,,,,,,,YES,NO,YES,,,,YES,,,,,,,,,2
Dora Factory PGS,,,,,,,,,,,,,,,,,,,,,,ABSTAIN,ABSTAIN,,,YES,YES,NO,NO,YES,ABSTAIN,,YES,,YES,NO,YES,NO,YES,YES,YES,YES,NO,,YES,ABSTAIN,ABSTAIN,,NO_WITH_VETO,YES,,,,,,,,,,,YES,,,,,,,,,7
 polkachucom,YES,YES,YES,YES,NO,NO,YES,NO,NO,NO,NO,YES,NO,ABSTAIN,NO,YES,YES,YES,YES,,YES,YES,YES,YES,YES,YES,YES,NO,YES,NO,YES,ABSTAIN,YES,YES,NO,NO,YES,NO,ABSTAIN,YES,YES,YES,YES,YES,YES,YES,YES,YES,NO_WITH_VETO,YES,YES,YES,NO_WITH_VETO,YES,YES,NO,YES,YES,NO,NO,YES,YES,ABSTAIN,ABSTAIN,YES,,,,,7
Oni   Stake for BoostDrop ,,,,YES,YES,NO,YES,NO_WITH_VETO,YES,NO_WITH_VETO,NO_WITH_VETO,YES,NO_WITH_VETO,NO_WITH_VETO,NO,NO,YES,YES,YES,,YES,YES,YES,YES,YES,NO,YES,YES,YES,NO,NO,YES,YES,,,NO,YES,NO,YES,YES,YES,NO,YES,NO,YES,YES,YES,NO,ABSTAIN,NO,NO_WITH_VETO,,NO_WITH_VETO,YES,NO,NO,YES,YES,NO,YES,YES,YES,ABSTAIN,YES,NO,,,,,7
0xDEADBEEF,NO_VOTE,NO_VOTE,,,,,,,,,,,,,,,,,,,,,,,,,,,,,,,,,,,,,,,,,,,,,,,,,NO_VOTE,,NO_VOTE,,,,,,,,,,,,,NO_VOTE,NO_VOTE,NO_VOTE,NO_VOTE,6
w3coins,,,,,,,,,,,,,,,,,,,,,,YES,NO,YES,YES,YES,YES,ABSTAIN,YES,YES,YES,ABSTAIN,YES,ABSTAIN,ABSTAIN,NO,YES,NO,YES,YES,YES,YES,ABSTAIN,YES,YES,YES,YES,NO,ABSTAIN,NO,ABSTAIN,,,,,,,,,,YES,YES,YES,ABSTAIN,YES,,,,,4
StakeSeeker by BTCS,,,,,,,,,,,,,,,,,ABSTAIN,YES,ABSTAIN,ABSTAIN,YES,YES,ABSTAIN,ABSTAIN,ABSTAIN,ABSTAIN,ABSTAIN,ABSTAIN,YES,ABSTAIN,ABSTAIN,,NO,ABSTAIN,ABSTAIN,ABSTAIN,ABSTAIN,ABSTAIN,ABSTAIN,ABSTAIN,ABSTAIN,NO,ABSTAIN,ABSTAIN,ABSTAIN,ABSTAIN,,,ABSTAIN,,,,,,YES,NO,ABSTAIN,ABSTAIN,ABSTAIN,ABSTAIN,YES,ABSTAIN,ABSTAIN,ABSTAIN,,,,,,7
P2PORG  P2P Validator,NO,YES,YES,YES,YES,NO,YES,NO_WITH_VETO,YES,NO_WITH_VETO,NO,YES,NO,NO_WITH_VETO,YES,NO,YES,YES,ABSTAIN,ABSTAIN,YES,YES,ABSTAIN,YES,YES,NO,YES,NO,NO,YES,NO,YES,NO,YES,ABSTAIN,NO,YES,NO,YES,YES,YES,YES,YES,YES,YES,NO,YES,YES,ABSTAIN,YES,,YES,NO_WITH_VETO,YES,YES,NO,YES,YES,ABSTAIN,YES,YES,NO,YES,ABSTAIN,YES,,YES,YES,YES,7
TTT ,NO_VOTE,NO_VOTE,YES,NO_VOTE,YES,NO,YES,NO,YES,NO,NO_WITH_VETO,YES,NO,ABSTAIN,NO,NO,YES,YES,ABSTAIN,YES,YES,YES,YES,YES,YES,NO,YES,NO,YES,ABSTAIN,NO,ABSTAIN,YES,YES,ABSTAIN,NO,YES,NO,YES,YES,YES,NO,YES,YES,YES,NO_VOTE,YES,,,,,YES,NO_WITH_VETO,YES,YES,NO,YES,YES,NO_VOTE,YES,YES,YES,YES,YES,YES,NO_VOTE,NO_VOTE,NO_VOTE,NO_VOTE,7
coinhallorg ,NO_VOTE,NO_VOTE,,,NO_VOTE,NO_VOTE,,,YES,NO,NO,YES,NO,ABSTAIN,ABSTAIN,ABSTAIN,ABSTAIN,YES,ABSTAIN,ABSTAIN,YES,YES,NO,YES,YES,NO,ABSTAIN,YES,ABSTAIN,ABSTAIN,ABSTAIN,ABSTAIN,ABSTAIN,YES,YES,,,,,,,,,,,,,NO_VOTE,,,NO_VOTE,NO_VOTE,NO_VOTE,NO_VOTE,YES,NO,YES,YES,NO,YES,YES,YES,,,,NO_VOTE,NO_VOTE,NO_VOTE,NO_VOTE,6
Atomic power node,ABSTAIN,YES,ABSTAIN,YES,YES,NO,YES,NO,YES,NO,NO,NO_WITH_VETO,NO,NO,NO,NO,YES,YES,ABSTAIN,NO,YES,,,,,NO,YES,NO,,NO,,NO,NO,YES,ABSTAIN,,,YES,YES,YES,YES,NO,,,,,,,,,,YES,NO_WITH_VETO,YES,,ABSTAIN,YES,ABSTAIN,ABSTAIN,ABSTAIN,,,,,,,YES,YES,YES,7
HLT,NO_VOTE,,,,,,YES,YES,YES,NO,NO,YES,NO,NO_WITH_VETO,YES,YES,YES,YES,YES,YES,YES,,NO,,YES,,,,,,,,YES,YES,YES,,,,,,,,,,,,,,,,,,,,YES,YES,YES,YES,YES,YES,YES,YES,,,,NO_VOTE,NO_VOTE,NO_VOTE,NO_VOTE,7
DECOMMISSIONED,NO_VOTE,,,,,,,,,,,,,,,,,,,,,,,,,,,,,,,,,,,,,,,,,,,,,,,,,,,,,,,,,,,,,,,,,NO_VOTE,NO_VOTE,NO_VOTE,NO_VOTE,0
bitszn,NO_VOTE,NO_VOTE,NO_VOTE,NO_VOTE,NO_VOTE,NO_VOTE,NO_VOTE,NO_VOTE,NO_VOTE,NO_VOTE,NO_VOTE,NO_VOTE,NO_VOTE,NO_VOTE,NO_VOTE,NO_VOTE,NO_VOTE,NO_VOTE,NO_VOTE,NO_VOTE,NO_VOTE,NO_VOTE,NO_VOTE,NO_VOTE,NO_VOTE,NO_VOTE,NO_VOTE,NO_VOTE,NO_VOTE,NO_VOTE,NO_VOTE,NO_VOTE,NO_VOTE,NO_VOTE,NO_VOTE,NO_VOTE,NO_VOTE,NO_VOTE,NO_VOTE,NO_VOTE,NO_VOTE,NO_VOTE,NO_VOTE,NO_VOTE,NO_VOTE,NO_VOTE,NO_VOTE,NO_VOTE,NO_VOTE,NO_VOTE,NO_VOTE,NO_VOTE,NO_VOTE,NO_VOTE,NO_VOTE,NO_VOTE,NO_VOTE,NO_VOTE,NO_VOTE,NO_VOTE,NO_VOTE,NO_VOTE,NO_VOTE,NO_VOTE,NO_VOTE,NO_VOTE,NO_VOTE,NO_VOTE,NO_VOTE,7
hashtower,NO_VOTE,NO_VOTE,NO_VOTE,NO_VOTE,NO_VOTE,NO_VOTE,NO_VOTE,NO_VOTE,NO_VOTE,NO_VOTE,NO_VOTE,NO_WITH_VETO,NO_VOTE,NO_VOTE,NO_VOTE,NO_VOTE,NO_VOTE,NO_VOTE,NO_VOTE,NO_VOTE,NO_VOTE,NO_VOTE,NO_VOTE,NO_VOTE,NO_VOTE,NO_VOTE,NO_VOTE,NO_VOTE,NO_VOTE,NO_VOTE,NO_VOTE,NO,,NO_VOTE,NO_VOTE,NO_VOTE,NO_VOTE,NO_VOTE,NO_VOTE,NO_VOTE,NO_VOTE,NO_VOTE,NO_VOTE,NO_VOTE,NO_VOTE,NO_VOTE,NO_VOTE,NO_VOTE,YES,NO_VOTE,ABSTAIN,NO_VOTE,NO_VOTE,NO_VOTE,NO_VOTE,NO_VOTE,NO_VOTE,NO_VOTE,NO_VOTE,NO_VOTE,NO_VOTE,NO_VOTE,YES,ABSTAIN,NO_VOTE,NO_VOTE,NO_VOTE,NO_VOTE,NO_VOTE,7
Valid8r,NO_VOTE,NO_VOTE,NO,YES,NO_VOTE,YES,NO_VOTE,NO_VOTE,NO_VOTE,NO_VOTE,NO_VOTE,,NO_VOTE,NO_VOTE,NO_VOTE,NO_VOTE,NO_VOTE,NO_VOTE,NO_VOTE,NO_VOTE,NO_VOTE,NO_VOTE,NO_VOTE,NO_VOTE,NO_VOTE,NO_VOTE,NO_VOTE,NO_VOTE,NO_VOTE,NO_VOTE,NO_VOTE,NO_VOTE,,NO_VOTE,NO_VOTE,NO_VOTE,NO_VOTE,NO_VOTE,NO_VOTE,NO_VOTE,NO_VOTE,NO_VOTE,NO_VOTE,NO_VOTE,NO_VOTE,NO_VOTE,NO_VOTE,NO_VOTE,NO_VOTE,NO_VOTE,NO_VOTE,NO_VOTE,NO_VOTE,NO_VOTE,NO_VOTE,NO_VOTE,NO_VOTE,NO_VOTE,NO_VOTE,NO_VOTE,NO_VOTE,NO_VOTE,NO_VOTE,NO_VOTE,NO_VOTE,NO_VOTE,NO_VOTE,NO_VOTE,NO_VOTE,7
Stigga,NO_VOTE,YES,NO_VOTE,NO_VOTE,NO_VOTE,NO_VOTE,NO_VOTE,NO_VOTE,NO_VOTE,NO_VOTE,YES,YES,NO,NO_VOTE,NO_VOTE,NO_VOTE,NO_VOTE,NO_VOTE,NO_VOTE,YES,NO_VOTE,NO_VOTE,NO_VOTE,NO_VOTE,NO_VOTE,NO_VOTE,NO_VOTE,NO_VOTE,NO_VOTE,NO_VOTE,NO_VOTE,NO_VOTE,,NO_VOTE,NO_VOTE,NO_VOTE,NO_VOTE,NO_VOTE,NO_VOTE,NO_VOTE,NO_VOTE,NO_VOTE,NO_VOTE,NO_VOTE,NO_VOTE,NO_VOTE,NO_VOTE,NO_VOTE,NO_VOTE,NO_VOTE,NO_VOTE,NO_VOTE,NO_VOTE,NO_VOTE,YES,NO,NO_VOTE,NO_VOTE,NO_VOTE,NO_VOTE,NO_VOTE,NO_VOTE,NO_VOTE,NO_VOTE,NO_VOTE,NO_VOTE,NO_VOTE,NO_VOTE,NO_VOTE,7
Nodiums,NO_VOTE,NO_VOTE,NO_VOTE,NO_VOTE,NO_VOTE,NO_VOTE,NO_VOTE,NO_VOTE,YES,NO,NO_WITH_VETO,YES,NO_WITH_VETO,NO_VOTE,NO_VOTE,NO_VOTE,NO_VOTE,NO_VOTE,NO_VOTE,NO_VOTE,NO_VOTE,NO_VOTE,NO_VOTE,NO_VOTE,NO_VOTE,NO_VOTE,NO_VOTE,NO_VOTE,NO_VOTE,NO_VOTE,NO_VOTE,NO_VOTE,,,NO_VOTE,NO_VOTE,NO_VOTE,NO_VOTE,NO_VOTE,NO_VOTE,NO_VOTE,NO_VOTE,NO_VOTE,NO_VOTE,NO_VOTE,NO_VOTE,NO_VOTE,NO_VOTE,NO_VOTE,NO_VOTE,NO_VOTE,NO_VOTE,NO_VOTE,NO_VOTE,NO_VOTE,NO_VOTE,NO_VOTE,NO_VOTE,NO_VOTE,NO_VOTE,NO_VOTE,NO_VOTE,NO_VOTE,NO_VOTE,NO_VOTE,NO_VOTE,NO_VOTE,NO_VOTE,NO_VOTE,7
Station8,NO_VOTE,NO_VOTE,NO_VOTE,NO_VOTE,NO_VOTE,NO_VOTE,NO_VOTE,NO_VOTE,,,,,,NO_VOTE,NO_VOTE,NO_VOTE,NO_VOTE,NO_VOTE,NO_VOTE,NO_VOTE,NO_VOTE,NO_VOTE,NO_VOTE,NO_VOTE,NO_VOTE,,,,,,,,,,,,,,,,,,NO_VOTE,NO_VOTE,NO_VOTE,NO_VOTE,NO_VOTE,NO_VOTE,NO_VOTE,NO_VOTE,NO_VOTE,NO_VOTE,NO_WITH_VETO,YES,NO_VOTE,NO_VOTE,NO_VOTE,NO_VOTE,NO_VOTE,NO_VOTE,NO_VOTE,NO_VOTE,NO_VOTE,NO_VOTE,NO_VOTE,NO_VOTE,NO_VOTE,NO_VOTE,NO_VOTE,7
Cosmic Validator  100 Uptime  Autocompound,NO_VOTE,YES,NO,NO,NO,NO,YES,ABSTAIN,YES,NO,NO,YES,NO,NO,ABSTAIN,YES,ABSTAIN,YES,YES,YES,YES,ABSTAIN,NO_WITH_VETO,ABSTAIN,YES,NO,ABSTAIN,YES,YES,ABSTAIN,ABSTAIN,YES,ABSTAIN,ABSTAIN,YES,NO,YES,NO,YES,ABSTAIN,YES,ABSTAIN,ABSTAIN,YES,YES,ABSTAIN,ABSTAIN,ABSTAIN,NO,YES,ABSTAIN,YES,NO_WITH_VETO,YES,NO_VOTE,NO,YES,ABSTAIN,ABSTAIN,YES,YES,ABSTAIN,ABSTAIN,YES,ABSTAIN,NO_VOTE,YES,YES,NO_VOTE,7
HelionCosmosValidator,NO_VOTE,NO_VOTE,NO_VOTE,NO_VOTE,NO_VOTE,YES,NO_VOTE,NO_VOTE,,,,,,NO_VOTE,NO_VOTE,NO_VOTE,NO_VOTE,NO_VOTE,NO_VOTE,NO_VOTE,NO_VOTE,NO_VOTE,NO_VOTE,NO_VOTE,NO_VOTE,,,,,,,,,,,,,,,,,,NO_VOTE,NO_VOTE,NO_VOTE,NO_VOTE,NO_VOTE,NO_VOTE,NO_VOTE,NO_VOTE,NO_VOTE,NO_VOTE,NO_VOTE,NO_VOTE,,NO_VOTE,NO_VOTE,NO_VOTE,NO_VOTE,NO_VOTE,NO_VOTE,NO_VOTE,NO_VOTE,NO_VOTE,NO_VOTE,NO_VOTE,NO_VOTE,NO_VOTE,NO_VOTE,7
 The Chicken Coop   NFT Airdrops,NO_VOTE,NO_VOTE,NO_VOTE,NO_VOTE,NO_VOTE,NO_VOTE,NO_VOTE,NO_VOTE,,,,,,NO_VOTE,NO_VOTE,NO_VOTE,NO_VOTE,,NO_VOTE,NO_VOTE,NO_VOTE,NO_VOTE,NO_VOTE,NO_VOTE,NO_VOTE,,,,,,,,YES,,,,,YES,,,,,NO_VOTE,NO_VOTE,NO_VOTE,NO_VOTE,NO_VOTE,NO_VOTE,NO_VOTE,NO_VOTE,NO_VOTE,NO_VOTE,NO_VOTE,NO_VOTE,,NO_VOTE,NO_VOTE,NO_VOTE,NO_VOTE,NO_VOTE,NO_VOTE,NO_VOTE,NO_VOTE,NO_VOTE,NO_VOTE,NO_VOTE,NO_VOTE,NO_VOTE,NO_VOTE,7
chainnode,YES,YES,NO_VOTE,NO_VOTE,NO_VOTE,NO_VOTE,NO_VOTE,NO_VOTE,,,,,,NO_VOTE,NO_VOTE,NO_VOTE,NO_VOTE,,NO_VOTE,NO_VOTE,NO_VOTE,NO_VOTE,,NO_VOTE,,,,,,,,,,,,,,,,,,,,NO_VOTE,NO_VOTE,NO_VOTE,NO_VOTE,NO_VOTE,NO_VOTE,NO_VOTE,NO_VOTE,YES,NO_VOTE,NO_VOTE,,NO_VOTE,,NO_VOTE,NO_VOTE,NO_VOTE,,NO_VOTE,NO_VOTE,NO_VOTE,NO_VOTE,YES,NO_VOTE,NO_VOTE,NO_VOTE,7
test kim,NO_VOTE,NO_VOTE,NO_VOTE,NO_VOTE,NO_VOTE,NO_VOTE,,NO_VOTE,,,,,,NO_VOTE,,YES,,,NO_VOTE,,,,,,,,,,,,,,,,,,,,,,,,,NO_VOTE,,NO_VOTE,NO_VOTE,NO_VOTE,NO_VOTE,NO_VOTE,NO_VOTE,NO_VOTE,NO_VOTE,NO_VOTE,,,,,NO_VOTE,,,NO_VOTE,NO_VOTE,NO_VOTE,NO_VOTE,NO_VOTE,NO_VOTE,NO_VOTE,NO_VOTE,7
Certus One,NO_VOTE,NO_VOTE,,,,,,,,,,YES,,,,,,,,,,,,,,,,,,,,,,,,,,,,,,,,,,,,,,,,,,,,,,,,,,,,,,NO_VOTE,NO_VOTE,NO_VOTE,NO_VOTE,7
Colossus,NO_VOTE,NO_VOTE,,,,,,,,,,,,,,,,,,,,,,,YES,,,,,,,,ABSTAIN,YES,YES,NO,YES,NO,YES,,YES,NO,,,,,,,,,,,,,,,,,,,,,,,,NO_VOTE,NO_VOTE,NO_VOTE,NO_VOTE,7
Bunkerstakeio,NO_VOTE,,,,,,,,,,,,,,,,,,,,,,,,,NO,YES,NO,YES,NO,YES,NO,YES,YES,NO,NO,YES,YES,YES,ABSTAIN,YES,ABSTAIN,ABSTAIN,NO,ABSTAIN,NO,ABSTAIN,NO,YES,YES,NO,,,,,,,,,,,,ABSTAIN,ABSTAIN,ABSTAIN,NO_VOTE,NO_VOTE,NO_VOTE,NO_VOTE,7
Andromaverse Labs,NO_VOTE,,,,,,,,,,,,,,ABSTAIN,NO,,,,,,,,,,,,,,,,,,,,,,,,,,,,,,,,,,,,,,,,,,,,,,,,,,NO_VOTE,NO_VOTE,NO_VOTE,NO_VOTE,2
Post Road,NO_VOTE,,,,,,YES,,,,NO,YES,NO,,,,,,,,,,,,,,,,,,,,,,,,,,,,,,,,,,,,,,,YES,,,,,,,,,,,,,,NO_VOTE,NO_VOTE,NO_VOTE,NO_VOTE,7
Twinstake,NO_VOTE,,,,,,,,,,,,,,,,,,,,,,,,,,,,,,,,,,,,,,,,,,,,,,,,,,,,,,,,,,,,,,,,,NO_VOTE,NO_VOTE,NO_VOTE,NO_VOTE,6
AuraStake,NO_VOTE,,,,,,,,,,,,,,,,,,,,,,,,,,,,,,,,,,,,,,,,,,,,,,,,,,,,,,,,,,,,,,,,,NO_VOTE,NO_VOTE,NO_VOTE,NO_VOTE,6
NASDAQBTCS,NO_VOTE,,,,,YES,,,,,,,,,,,,,,,,,,,,,,,,,,,,,,,,,,,,,,,,,,,,,,,,,,,,,,,,,,,,NO_VOTE,NO_VOTE,NO_VOTE,NO_VOTE,7
grantfish,NO_VOTE,YES,,,,,,,,,,ABSTAIN,ABSTAIN,,YES,,,,,,,,,,,,YES,,,,,YES,ABSTAIN,YES,,,,,,,,NO,,,,,,,,,,,,,,,,,,,,,,,,YES,NO_VOTE,NO_VOTE,NO_VOTE,2
GAME,ABSTAIN,YES,NO,YES,YES,NO,YES,ABSTAIN,YES,ABSTAIN,ABSTAIN,NO_WITH_VETO,ABSTAIN,ABSTAIN,YES,YES,ABSTAIN,YES,NO,NO,YES,NO,NO_WITH_VETO,NO_WITH_VETO,YES,NO,YES,NO,YES,YES,YES,YES,YES,YES,YES,NO,YES,ABSTAIN,YES,YES,YES,YES,NO,YES,YES,YES,YES,ABSTAIN,NO,YES,NO,ABSTAIN,ABSTAIN,YES,YES,NO,YES,NO,YES,YES,YES,NO,ABSTAIN,ABSTAIN,ABSTAIN,NO,NO,YES,YES,7
deboREDELEGATE FROM US,YES,YES,NO,YES,YES,NO,YES,ABSTAIN,YES,ABSTAIN,ABSTAIN,ABSTAIN,ABSTAIN,ABSTAIN,YES,YES,ABSTAIN,ABSTAIN,NO,NO,YES,NO,NO_WITH_VETO,NO_WITH_VETO,YES,NO,YES,NO,YES,YES,YES,YES,YES,YES,YES,NO,YES,ABSTAIN,YES,YES,YES,YES,,,,,,,,,,ABSTAIN,ABSTAIN,YES,YES,NO,YES,NO,YES,YES,YES,NO,,,,NO,NO,YES,YES,7
noma,ABSTAIN,YES,,,,,,,,,,,,,,,,,,,,,,,,,,,,,,,,,,,,,,,,,,,,,,,,,,,,,,,,,,,,,,,,,,,,2
lunamint,ABSTAIN,ABSTAIN,NO,NO,ABSTAIN,,,,,,,NO_WITH_VETO,,,,,,,,,,,,,,,,,,,,,NO,,,,,,,,,,,,,,,,,,,,NO,,,,,,,,,,,,,,YES,YES,YES,2
Compass,ABSTAIN,ABSTAIN,NO,YES,YES,NO,YES,,YES,ABSTAIN,NO,YES,NO,ABSTAIN,ABSTAIN,ABSTAIN,YES,YES,,,YES,,NO,YES,YES,NO,YES,NO,YES,NO,ABSTAIN,YES,YES,YES,ABSTAIN,NO,YES,ABSTAIN,YES,YES,YES,ABSTAIN,ABSTAIN,YES,YES,,,,,,,YES,NO_WITH_VETO,YES,YES,,YES,YES,,YES,YES,NO,,,YES,NO,YES,YES,YES,7
Dawnsworld,YES,YES,NO,YES,,,,NO,YES,YES,YES,YES,YES,,,,,,,,,,,,,,,,,,,,YES,,,,,,,,,,,,,,,,,,,YES,,,,,,,,,,,,,,,YES,YES,YES,2
IRISNET,ABSTAIN,YES,ABSTAIN,ABSTAIN,YES,ABSTAIN,YES,ABSTAIN,YES,YES,NO,NO_WITH_VETO,ABSTAIN,ABSTAIN,YES,YES,YES,YES,YES,YES,YES,ABSTAIN,NO,YES,YES,YES,,ABSTAIN,YES,NO,YES,,YES,YES,YES,NO,YES,NO,YES,YES,YES,YES,YES,YES,YES,,,YES,NO,YES,NO,YES,NO,YES,YES,ABSTAIN,YES,YES,NO,ABSTAIN,YES,ABSTAIN,YES,YES,,YES,,,YES,7
Citizen Web3,ABSTAIN,ABSTAIN,NO,NO,NO,NO,YES,NO_WITH_VETO,NO,NO,ABSTAIN,YES,ABSTAIN,ABSTAIN,YES,YES,YES,YES,ABSTAIN,NO,YES,ABSTAIN,NO,ABSTAIN,ABSTAIN,YES,YES,ABSTAIN,NO,YES,NO,NO,NO,ABSTAIN,ABSTAIN,NO,ABSTAIN,YES,YES,ABSTAIN,YES,NO,ABSTAIN,YES,YES,NO,ABSTAIN,ABSTAIN,NO,YES,NO,YES,ABSTAIN,YES,WEIGHTED_VOTE,NO,YES,YES,YES,YES,,YES,ABSTAIN,ABSTAIN,YES,NO,,,,7
omega3,ABSTAIN,YES,,,,,,,,,,,,,,,,,,,,,,,,,,,,,,,,,,,,,,,,,,,,,,,,,,,,,,,,,,,,,,,,,,,,2
BlueStake ,ABSTAIN,,,,,,,,,,,,,,,,,,,,,,,,,,,,,,,,,,,,,,,,,,,,,,,YES,NO_WITH_VETO,YES,NO,,,,,,,,,,,,,,YES,,,,,7
 CryptoCrew Validators  Winner GameOfChains,ABSTAIN,YES,NO,NO,YES,,YES,NO,ABSTAIN,NO,NO,NO_WITH_VETO,NO,,NO,NO,YES,NO,YES,NO,YES,YES,NO,YES,ABSTAIN,NO,ABSTAIN,NO,ABSTAIN,YES,ABSTAIN,ABSTAIN,ABSTAIN,ABSTAIN,ABSTAIN,ABSTAIN,ABSTAIN,NO,ABSTAIN,ABSTAIN,ABSTAIN,ABSTAIN,NO,ABSTAIN,ABSTAIN,ABSTAIN,ABSTAIN,ABSTAIN,NO,ABSTAIN,NO,YES,NO_WITH_VETO,YES,NO,NO,YES,YES,NO,NO,YES,YES,ABSTAIN,ABSTAIN,YES,,,,,7
securesecrets,ABSTAIN,YES,YES,,YES,,YES,,YES,NO,NO,YES,NO,,,,,,,,,YES,NO,ABSTAIN,NO,YES,YES,NO,YES,ABSTAIN,ABSTAIN,YES,YES,YES,YES,NO,YES,YES,,,,YES,,,,,,,,,,,,YES,,,,,YES,YES,,,,,,,,,,7
zoomerlabs,YES,,,,,,YES,,,,,,,,,,,,,,,,,,,,,,,,,,NO,YES,,,,,,,YES,,,,,,,,,,,,,,,,,,,,,,,,,,,,,7
 Earn Stash,YES,,,,,,,,,,,,,,,,,,,,,,,,,,,,,,,,,,,,,,,,,,,,,,,,,,,YES,,,,,,,,,,,,,,,,,,2
Kiln,,,,,,,,,,,,,,,,,,,,,YES,ABSTAIN,NO_WITH_VETO,ABSTAIN,YES,NO,YES,NO,YES,NO,ABSTAIN,ABSTAIN,ABSTAIN,ABSTAIN,YES,NO_WITH_VETO,ABSTAIN,NO,ABSTAIN,YES,YES,ABSTAIN,ABSTAIN,YES,ABSTAIN,NO,YES,ABSTAIN,ABSTAIN,ABSTAIN,ABSTAIN,,,,ABSTAIN,,,,,,ABSTAIN,YES,ABSTAIN,ABSTAIN,ABSTAIN,,,,,6
Luganodes,,,,,,,,,,,,,,,,,,,,,,,,,,,,,,,,,ABSTAIN,YES,YES,NO,YES,NO,YES,YES,YES,NO,,,,,,,,,,,,,,,,,,,,,,,,,,,,7
HighStakesch  Stake for Airdrop,,,NO,YES,NO,YES,YES,ABSTAIN,YES,NO,NO,YES,NO,ABSTAIN,YES,,YES,YES,ABSTAIN,ABSTAIN,YES,ABSTAIN,NO,ABSTAIN,YES,NO,YES,YES,YES,NO,NO,YES,YES,YES,YES,NO,ABSTAIN,ABSTAIN,YES,YES,YES,NO,WEIGHTED_VOTE,YES,ABSTAIN,ABSTAIN,YES,,,,,YES,NO_WITH_VETO,YES,YES,,YES,NO,NO,YES,YES,NO,ABSTAIN,YES,,,,,,0
AgoraNodes,,,,,,,,,,,,,,,,,,,,,,,,,,,,,,,,,,,,,,,,,,,,,,,,,,,,,,,,,,,,,,,,,,,,,,0
DokiaCapital,,,NO,YES,,,,NO_WITH_VETO,YES,,,NO_WITH_VETO,,,,,,,,,,,,,,,,,,,,YES,NO,,,,,,,,,,,YES,,,,,,,,,,,,,,,,,,,,,,NO,,YES,YES,4
Moonstake,,,,,,,,,,,,,,,,,,,,YES,,,,,,NO,YES,NO,,,,,,,,,,,,,,,,,,,,,,,,,,,,NO,,,,,,,,,,,,,,4
Cosmos Spaces,,,NO,YES,ABSTAIN,,YES,NO,YES,NO,NO,NO,NO,NO,,NO,,,,,YES,YES,ABSTAIN,YES,YES,NO_WITH_VETO,YES,NO_WITH_VETO,NO,NO,NO,ABSTAIN,NO,ABSTAIN,ABSTAIN,NO,YES,NO,YES,YES,YES,NO,YES,ABSTAIN,YES,YES,ABSTAIN,YES,ABSTAIN,,,YES,NO_WITH_VETO,YES,,,YES,YES,NO,YES,YES,YES,YES,ABSTAIN,,,,,,7
 Quokka Stake,,,,,,,,,,,,,,,,,YES,YES,NO,YES,YES,YES,NO,YES,YES,NO,YES,NO,NO,NO,NO,NO,NO,YES,NO,NO_WITH_VETO,YES,NO,YES,YES,YES,NO,NO,YES,YES,NO,YES,ABSTAIN,YES,YES,NO,,,,YES,NO,YES,NO,YES,YES,YES,YES,YES,ABSTAIN,YES,,,,,7
airdropdao,,,NO,YES,,,,,,,,,,,,,,,,,,,,,,,,,,,,,,,,,,,,,,,,,,,,,,,,,NO,YES,,,,,,,,,,,,,,,,2
Don Cryptonium,,,,,NO,NO,YES,NO_WITH_VETO,ABSTAIN,ABSTAIN,NO_WITH_VETO,ABSTAIN,NO,NO_WITH_VETO,NO,NO,YES,YES,,NO,,YES,,YES,,NO_WITH_VETO,,NO_WITH_VETO,,,NO,NO,YES,,,,,,,,,,,,,,,,,,,,NO_WITH_VETO,YES,NO,NO,NO,ABSTAIN,YES,YES,ABSTAIN,,,,,NO_VOTE,NO_VOTE,NO_VOTE,NO_VOTE,7
MultiChain ventures,,YES,YES,YES,YES,,ABSTAIN,ABSTAIN,ABSTAIN,ABSTAIN,NO,YES,NO,,ABSTAIN,ABSTAIN,YES,YES,,YES,,,,,YES,,,,,,,YES,YES,,,,YES,NO,,,YES,ABSTAIN,ABSTAIN,,,,,,,,,YES,,,YES,,YES,,,,,,,,,NO_VOTE,YES,,,7
Sygnum,,,,,,,,,,,,,,,,,,,,,,,,,,NO_WITH_VETO,YES,,YES,NO,NO,NO,NO,NO,YES,,YES,NO,YES,,,,YES,,,NO,YES,NO,ABSTAIN,YES,NO,,,,,,,,,,,,,,,,,,,7
ChainUp  NewHuo,,,,,YES,,YES,NO,ABSTAIN,ABSTAIN,ABSTAIN,,ABSTAIN,ABSTAIN,ABSTAIN,NO,YES,YES,,,,,YES,YES,YES,NO,,NO,YES,NO,NO,ABSTAIN,NO,YES,YES,,YES,NO,YES,YES,YES,NO,,,,,,,,,,,,,,,,,,,YES,YES,,,,,,,,7
MathWallet,,,,,,,YES,NO,YES,NO,,,,,,,,,,,,,,,,,,,,,,,,,,,,,,,,,,,,,,,,,,,,,,,,,,,,,,,,,,,,7
MyCosmosValidator,,,,,,,,,,,,,,,,,,ABSTAIN,,,,,,,,,,,,,,,,,,,,,,,,,,,,,,,,,,,,,,,,,,,,,,,,,,,,2
end,,,,,,,,,,,,,,,,,,,,,,,,,,,,,,NO,,NO,,YES,ABSTAIN,NO,,,YES,YES,,,,,,,,,,,,,,,,,,,,,,,,,,,,,,7
TeeNode,,,,,,,,,,,,,,,,,,,,,,,,,,,,,,,,,,,,,,,,,,,,,,,,,YES,YES,NO,,,,,,,,,,,,,,,,,,,7
Fanfury  furyfan  Stake to Win,,,,,,,YES,NO,NO,NO,NO,YES,NO,ABSTAIN,ABSTAIN,ABSTAIN,NO,YES,ABSTAIN,ABSTAIN,YES,ABSTAIN,NO,ABSTAIN,,,,,,,,,,,,,,,,,,,,,,,,,,,,,,,NO,NO,YES,ABSTAIN,YES,YES,YES,YES,,,,,,,,7
Paradigm,,,,,,,,,,,,YES,,,,,,,,,,,,,,,,,,,,,,,,,,,,,,,,,,,,,,,,,,,,,,,,,,,,,,,YES,YES,,2
UNSTAKEREDELEGATE,,,NO,YES,,YES,YES,NO,YES,NO,NO,YES,NO,,,,YES,YES,,,YES,ABSTAIN,NO,NO,YES,NO_WITH_VETO,YES,NO,,ABSTAIN,ABSTAIN,ABSTAIN,NO,ABSTAIN,,,,,,,,,,,,,,,,,,YES,NO,YES,YES,,YES,NO,ABSTAIN,ABSTAIN,YES,NO,,,,,,,,7
InfStones,,,,,,,,,,,,,,,NO,NO,YES,YES,,,,,,,,,,,,,,,,,,,,,,,,,,,,,,,,,,,,,ABSTAIN,NO,,,,,,,,,,,,,,6
Flipside,,,,,,,,,,,,,,NO,NO,NO,NO,YES,ABSTAIN,NO,YES,YES,,,,,,,,,,,,,,,,,,,,,,,,,,,,,,,,,YES,NO,YES,YES,NO,NO,ABSTAIN,,,,,,,,,7
Stargaze,,,,,,,,,,,,,,,,,,,,,,,,YES,,,,,,,,,ABSTAIN,YES,ABSTAIN,,,,,,,,,,,,,,,,,,,,,,,,,,,,YES,,,YES,YES,,,7
kochacolaj,,,,,,YES,YES,,,,,,,,,,,,,,,,,,,,,,,,,,,,,,,,,,,,,,,,,,,,,,NO_WITH_VETO,YES,,,,,,,,,,,,,NO,,YES,2
NO Fee to 2025   meleaxyz,,,,,,,,,,,,NO_WITH_VETO,,,,,,,,,,,,,,,,,,,,,,,,,,,,,,,,,,,,,,,,,,,,,,,,,,,,,,,ABSTAIN,YES,YES,2
DragonStake,,YES,,YES,,,YES,ABSTAIN,YES,NO,NO,NO_WITH_VETO,NO,NO,YES,,YES,YES,,ABSTAIN,YES,ABSTAIN,,,YES,NO,YES,NO,YES,ABSTAIN,,,,,YES,NO,YES,YES,,,YES,YES,,,,NO,YES,ABSTAIN,ABSTAIN,YES,NO,,NO_WITH_VETO,YES,YES,NO,YES,NO,,,,,YES,ABSTAIN,,,YES,YES,YES,7
DelegaNetworks ,,ABSTAIN,ABSTAIN,YES,ABSTAIN,YES,YES,NO,ABSTAIN,NO,NO,NO_WITH_VETO,NO,NO,ABSTAIN,ABSTAIN,YES,ABSTAIN,NO,NO,ABSTAIN,ABSTAIN,NO,ABSTAIN,,,,NO,,,,,,,,,,,,,,,,,,,,,,,,YES,NO_WITH_VETO,YES,ABSTAIN,NO,YES,ABSTAIN,YES,NO,ABSTAIN,,,,,NO,YES,YES,YES,7
nyliranet,,,NO_WITH_VETO,,,,,,YES,YES,NO,NO_WITH_VETO,ABSTAIN,,,,,YES,NO,,YES,,NO,ABSTAIN,YES,NO_WITH_VETO,YES,NO,,,,,NO,YES,NO,,,,,,YES,NO,,,,,,NO,,,,,,,YES,,YES,YES,ABSTAIN,YES,YES,,,,,NO,YES,YES,YES,7
 KysenPool Sky  ,,,,,,,,,,,NO,NO,NO,NO,,,,,,ABSTAIN,YES,NO,NO,YES,YES,YES,ABSTAIN,YES,YES,ABSTAIN,NO,ABSTAIN,NO,YES,ABSTAIN,NO,YES,NO,YES,ABSTAIN,YES,NO,,YES,,,,,,,,,,,YES,NO,YES,ABSTAIN,,,YES,ABSTAIN,,,,,,,YES,7
DO NOT DELEGATE  Defi Wallet,,,,,,,,,,,,,,,,,,YES,,,,,,,,,,,,,,,,,,,,,,,,,,,,,,,,,,,,,,,,,,,,,,,,ABSTAIN,,,,2
Umbrella ,,YES,NO_WITH_VETO,,YES,YES,YES,ABSTAIN,YES,YES,NO,ABSTAIN,ABSTAIN,,ABSTAIN,,YES,YES,YES,ABSTAIN,,,,,YES,NO,YES,ABSTAIN,NO,ABSTAIN,YES,NO,NO,,,NO,YES,YES,,,ABSTAIN,,NO,YES,YES,ABSTAIN,YES,YES,ABSTAIN,YES,YES,YES,ABSTAIN,YES,YES,ABSTAIN,YES,YES,YES,YES,YES,,ABSTAIN,ABSTAIN,YES,ABSTAIN,,,,7
Sentinel,,,,,,,,,,,,,,,,,,,,,,,,,,,,,,,,,,,,,,,,,,,,,,,,,,,,,,,,,,,,,,,,,,NO,,,,2
Staking Facilities,,YES,,,,,,,,,,,,,,,,,,,,,,,,,,,,,,,,,,,,,,,,,,,,,,,,,,,,,,,,,,,,,,,,,,,,2
Crypto Lion,,YES,ABSTAIN,YES,ABSTAIN,YES,YES,ABSTAIN,YES,NO,NO,YES,ABSTAIN,ABSTAIN,ABSTAIN,ABSTAIN,ABSTAIN,YES,ABSTAIN,YES,YES,ABSTAIN,ABSTAIN,ABSTAIN,,,,,ABSTAIN,ABSTAIN,,,,,,,,,,,,,,ABSTAIN,,,,,,,,YES,ABSTAIN,YES,ABSTAIN,ABSTAIN,ABSTAIN,ABSTAIN,ABSTAIN,ABSTAIN,YES,ABSTAIN,,,,,,,,7
Blocks United  blocksunitedcom,,YES,NO,YES,YES,,YES,NO,YES,NO,NO,YES,NO,,NO,,YES,YES,ABSTAIN,,YES,YES,NO,YES,YES,NO,YES,NO,YES,YES,,YES,YES,YES,,NO,YES,YES,YES,YES,YES,YES,YES,YES,YES,,YES,NO,YES,NO,NO,YES,NO,YES,,,YES,YES,NO,YES,YES,NO,,YES,,,,,,7
TerraBitcoin Club,,ABSTAIN,NO,,,,YES,NO,YES,NO,NO,YES,NO,ABSTAIN,ABSTAIN,YES,YES,YES,YES,NO,YES,ABSTAIN,NO,YES,YES,YES,YES,NO,YES,NO,ABSTAIN,ABSTAIN,YES,YES,NO,NO_WITH_VETO,NO,ABSTAIN,YES,YES,YES,YES,YES,YES,YES,ABSTAIN,YES,YES,ABSTAIN,YES,NO,,,,YES,NO,YES,YES,ABSTAIN,YES,YES,,ABSTAIN,ABSTAIN,YES,,,,,7
Liqee,,YES,NO,,,,,,,,,,,,,,,,,,,,,,,,,,,,,,,,,,,,,,,,,,,,,,,,,YES,,,,,,,,,,,,,,,,,,2
BlockPI,,YES,,,,,YES,NO,YES,NO,NO,YES,ABSTAIN,ABSTAIN,ABSTAIN,NO,YES,YES,ABSTAIN,ABSTAIN,YES,ABSTAIN,NO,YES,YES,NO,YES,NO,,,,,,YES,YES,,YES,YES,YES,YES,YES,YES,YES,YES,YES,NO,YES,YES,YES,YES,YES,,,,YES,ABSTAIN,YES,YES,ABSTAIN,ABSTAIN,YES,ABSTAIN,ABSTAIN,ABSTAIN,YES,,,,,7
Stir,,,NO,,,NO,YES,,YES,NO,NO,YES,NO,ABSTAIN,,ABSTAIN,,YES,ABSTAIN,ABSTAIN,YES,,NO,ABSTAIN,YES,NO,YES,NO,,,,YES,YES,ABSTAIN,ABSTAIN,NO,YES,NO,YES,YES,YES,NO,YES,YES,YES,NO,YES,NO,YES,YES,NO,YES,,,,NO,YES,YES,ABSTAIN,,,ABSTAIN,ABSTAIN,ABSTAIN,YES,,,,,7
Lightning Capital  Decommissioning May 2  Please Unbond,,,,YES,NO,NO,YES,ABSTAIN,ABSTAIN,ABSTAIN,NO_WITH_VETO,YES,NO,NO_WITH_VETO,NO,,,YES,YES,NO,,,,,,,,,,,,,,,,,,,,,,,,,,,,,,,,YES,NO_WITH_VETO,YES,YES,NO,YES,YES,,NO,,,,,,,,,,7
Binary Holdings,,,YES,YES,,NO,YES,NO,ABSTAIN,NO,NO,YES,NO,,,NO,,NO,ABSTAIN,ABSTAIN,,ABSTAIN,NO,ABSTAIN,YES,NO,YES,NO,YES,NO,YES,YES,YES,YES,NO,NO,YES,,,YES,YES,ABSTAIN,YES,YES,YES,NO,YES,,,,,YES,,YES,ABSTAIN,NO,YES,ABSTAIN,ABSTAIN,ABSTAIN,YES,YES,ABSTAIN,YES,,,,,,7
STAKE FRITES    DO NOT DELEGATE,,,NO,YES,NO,NO,YES,ABSTAIN,ABSTAIN,ABSTAIN,NO,YES,NO,,NO,NO,YES,,,,,YES,,,,,,,,,,,,,,,,,,,,,,YES,,,,,,,,YES,NO_WITH_VETO,YES,ABSTAIN,,,YES,,ABSTAIN,YES,,,,,,,,,7
Coinbase Cloud,,,ABSTAIN,,YES,,,,,,ABSTAIN,YES,ABSTAIN,ABSTAIN,,,,,,,,,,,,,,,,,,,,,,,,,,,,,,,,,,,,,,,NO_WITH_VETO,YES,ABSTAIN,,,,,,,,,,,,,,,7
Numenorone,,,YES,,,,,,,,,,,,,,,,,,,,,,,,,,,,,,,,,,,,,,,,,,,,,,,,,,,,,,,,,,,,,,,,,,,2
Sunflower,,,,,,,,,,,,,,,,,,,,,,,,,,NO,YES,NO,,,YES,,ABSTAIN,YES,YES,NO,YES,YES,YES,YES,YES,NO,,,,,,,,,,,,,,,,,,,,,,,,,,,,5
Cryptostakecom ,,,,,,,,,,,,,,,,,,,,,,,,,,,,,,,,,,,,,,,,,,,,,,,,,,,,,,,,,,,,,,,,,YES,,,,,5
inactive validator Do NOT delegate,,,,YES,ABSTAIN,YES,YES,NO,YES,ABSTAIN,NO,YES,NO,,,,,,,,,,,,,,,,,,,,,,,,,,,,,,,,,,,,,,,,NO_WITH_VETO,YES,,,,,,,,,,,,,,,,7
decomm,,,,YES,ABSTAIN,ABSTAIN,YES,,,ABSTAIN,ABSTAIN,YES,ABSTAIN,,ABSTAIN,,YES,YES,,ABSTAIN,YES,YES,NO,ABSTAIN,YES,NO,ABSTAIN,NO,YES,YES,,,YES,ABSTAIN,ABSTAIN,NO,ABSTAIN,ABSTAIN,YES,,YES,NO,,,,,,,,,,,NO,YES,ABSTAIN,NO,ABSTAIN,ABSTAIN,ABSTAIN,ABSTAIN,,,,,,,,,,7
PumpkinFarms,,,,NO,,,,,,,,,,,,,,,,,,,,,,,,,,,,,,,,,,,,,,,,,,,,,,,,,NO,YES,,,,,,,,,,,,,,,,2
CEXIO Validator,,,,,YES,YES,YES,NO,YES,NO,NO,YES,NO,ABSTAIN,NO,NO,NO,YES,,YES,,YES,YES,YES,,NO,YES,NO,YES,NO,,,,,,,,,,,,,,,YES,YES,,NO,ABSTAIN,ABSTAIN,ABSTAIN,,ABSTAIN,YES,YES,NO,,,NO,YES,YES,ABSTAIN,,,YES,,,,,7
Ztakeorg,,,,,,,,,YES,ABSTAIN,NO,YES,NO,NO,YES,,NO_WITH_VETO,YES,YES,NO,YES,YES,ABSTAIN,YES,YES,NO,YES,YES,YES,YES,YES,YES,YES,YES,NO,NO_WITH_VETO,ABSTAIN,NO,YES,YES,YES,NO,ABSTAIN,,YES,NO,YES,NO,YES,YES,NO,,NO,,YES,,,YES,YES,NO,YES,,YES,ABSTAIN,YES,,,,,7
Huobi1,,,,,,,YES,,YES,NO,NO,YES,NO,,,,,,,,,,,,,NO,YES,NO,,,,,,,,,,,,,,,,,,,,,,,,,,YES,,,,,,,,,,,,,,,,7
stake2earn,,,,,,YES,YES,,,,,NO_WITH_VETO,NO,YES,,,,,,,,,,,,,,,,,,,,,,,,,,,,,,,,,,,,,,,,,,,,,,,,,,,,,,,,2
nakanodoxyz,,,,,,,,,YES,,,YES,,,,,,,,,,,,,,,,,,,,,,,,,,,,,,,,,,,,,,,,,,,,,,,,,,,,,,,,,,2
Onbloc Node,,,,,,,,,YES,NO,ABSTAIN,NO_WITH_VETO,YES,ABSTAIN,ABSTAIN,ABSTAIN,YES,ABSTAIN,ABSTAIN,ABSTAIN,YES,ABSTAIN,NO_WITH_VETO,NO_WITH_VETO,YES,NO_WITH_VETO,YES,YES,YES,ABSTAIN,ABSTAIN,NO,NO,ABSTAIN,NO,NO,ABSTAIN,ABSTAIN,YES,ABSTAIN,YES,NO,NO,ABSTAIN,ABSTAIN,NO,ABSTAIN,,YES,,,,,,ABSTAIN,NO,YES,ABSTAIN,ABSTAIN,ABSTAIN,ABSTAIN,,,,,,,,,7
RoundTable21 by WildSage Labs,,,,,,,,,YES,NO_WITH_VETO,NO,YES,NO,NO_WITH_VETO,NO,NO,NO,YES,NO,NO,YES,YES,,,,,,,,,,,,,,,,,,,,,,,,,,,,,,,,,NO,NO,YES,NO,NO,,YES,,,,,,,,,7
 Earthstar ,,,,,,,,,YES,NO_WITH_VETO,NO,YES,NO,NO_WITH_VETO,,,YES,YES,,,,,,,,,,,,,,,,,,,,,,,,,,,,,,,,,,,,,YES,NO,,,,,,,,,,,,,,7
Moonlet,,,,,,,,,NO,NO,,,,,ABSTAIN,,YES,YES,YES,,YES,YES,ABSTAIN,ABSTAIN,,NO,YES,,,,,YES,,YES,ABSTAIN,NO,YES,,,,,,,,YES,YES,YES,ABSTAIN,ABSTAIN,ABSTAIN,ABSTAIN,,,,,,YES,YES,YES,YES,YES,ABSTAIN,ABSTAIN,ABSTAIN,YES,,,,,6
sleepykitten,,,,,,,,,,NO,NO,YES,NO,,NO,,YES,YES,,,YES,,,,,,,,,,,,,,,,,,,,,,,,,,,,,,,,,,YES,NO,,,NO,NO,YES,,,,,,,,,7
 JADE DAO ,,,,,,,,,,,NO,YES,NO,NO,ABSTAIN,NO,YES,YES,,ABSTAIN,YES,YES,,,,,,,,,,,,,,,,,,,,,,,,,,,,,,,,,YES,NO,YES,ABSTAIN,ABSTAIN,ABSTAIN,YES,,,,,,,,,7
KuCoin,,,,,,,,,,,,ABSTAIN,,,,,,,,,,,,,,,,,,,,,,,,,,,,,,,,,,,,,,,,,,,,,,,,,,,,,,,,,,6
KEK,,,,,,,,,,,,NO_WITH_VETO,NO_WITH_VETO,,,,,,,,,,,,,,,,,,,,,,,,,,,,,,,,,,,,,,,,,,,,,,,,,,,,,,,,,2
melange,,,,,,,,,,,,NO,,,,,,,,,,,,,,,,,,,,,NO_WITH_VETO,,,,,,,,,,,,,,,,,,,,,,,,,,,,,,,,,,,,,2
King Hugo,,,,,,,,,,,,,,,NO,NO,,,,,,,,,,,,,,,,,,,,,,,,,,,,,,,,,,,,,,,,,,,,,,,,,,,,,,2
Ivaldi Labs,,,,,,,,,,,,,,,NO,YES,YES,YES,,,,,,,,,,,YES,NO,,YES,YES,YES,,,,,,,,,,,,,,,,,,,,,YES,NO,,,,,,,,,,,,,,2
anythings,,,,,,,,,,,,,,,,YES,,,,,,,,,,,,,,,,,,,,,,,,,,,,,,,,,,,,,,,YES,,,,,,,,,,,,,,,2
HyperblocksPro,,,,,,,,,,,,,,,,,,,,YES,,,,,,,,ABSTAIN,,,ABSTAIN,YES,YES,YES,YES,NO,YES,,,,YES,,,,ABSTAIN,,,,,YES,,,,,,,,,,,,ABSTAIN,,,,,,,,7
Yieldera,,,,,,,,,,,,,,,,,,,,,,,,,YES,ABSTAIN,YES,NO,YES,NO,ABSTAIN,YES,YES,YES,ABSTAIN,NO,YES,YES,YES,ABSTAIN,YES,YES,,,,,,,,,,,,,,,,,,,,YES,,,,,,,,7
CROSSTECH,,,,,,,,,,,,,,,,,,,,,,,,,YES,YES,YES,YES,NO,YES,YES,YES,YES,YES,YES,YES,YES,YES,YES,YES,YES,YES,,,,,,,,,,,,,,,,,,,,YES,,,,,,,,7
CLOSED DOWN,,,,,,,,,,,,,,,,,,,,,,,,,YES,,,,,,,,,,,,,,,,,,,,,,,,,,,,,,,,,,,,,,,,,,,,,2
Amplifier,,,,,,,,,,,,,,,,,,,,,,,,,,,,,YES,YES,YES,NO,YES,YES,YES,NO,YES,YES,YES,NO_WITH_VETO,,,YES,YES,YES,NO,NO,YES,YES,YES,NO,,,,,,,,,,,,YES,YES,YES,,,,,7
Commons Hub,,,,,,,,,,,,,,,,,,,,,,,,,,,,,,,,ABSTAIN,YES,YES,ABSTAIN,NO,YES,NO,YES,YES,YES,,,,,,,,,,,,,,,,,,,,,,,,,,,,,7
Factor,,,,,,,,,,,,,,,,,,,,,,,,,,,,,,,,,NO,,,,,NO,YES,,,,,,,,,,,,,,,,,,,,,,,,,,YES,,,,,7
bitlabs,,,,,,,,,,,,,,,,,,,,,,,,,,,,,,,,,YES,,,,,,,,,,YES,,YES,,YES,,,,,,,,,,,,,,,,,,,,,,,7
Alessandro Mazza,,,,,,,,,,,,,,,,,,,,,,,,,,,,,,,,,,YES,NO,NO,YES,NO,YES,YES,YES,YES,YES,YES,NO,,,,,,,,,,,,,,,,,,,,,,,,,7
 kjnodescom ,,,,,,,,,,,,,,,,,,,,,,,,,,,,,,,,,,YES,NO,YES,YES,NO,YES,YES,YES,YES,ABSTAIN,YES,YES,,,ABSTAIN,ABSTAIN,YES,,,,,,,,,,,,,ABSTAIN,YES,YES,,,,,7
BigBrainStaking,,,,,,,,,,,,,,,,,,,,,,,,,,,,,,,,,,YES,ABSTAIN,NO,YES,NO,YES,YES,YES,YES,ABSTAIN,ABSTAIN,ABSTAIN,ABSTAIN,,ABSTAIN,,,NO,,,,,,,,,,,,,,ABSTAIN,,,,,7
Defi Wallet,,,,,,,,,,,,,,,,,,,,,,,,,,,,,,,,,,YES,,,,,,,,,,,,,,,,,,,,,,,,,,,,,,,,,,,,2
Leap Wallet,,,,,,,,,,,,,,,,,,,,,,,,,,,,,,,,,,,YES,NO,YES,NO,YES,YES,YES,YES,YES,YES,YES,NO,YES,YES,ABSTAIN,YES,NO,,,,,,,,,,,,ABSTAIN,YES,YES,,,,,7
cosmos Af,,,,,,,,,,,,,,,,,,,,,,,,,,,,,,,,,,,YES,NO,YES,YES,,YES,YES,NO,,,,,YES,,,YES,,,,,,,,,,,,,YES,ABSTAIN,YES,,,,,7
Altiplanic,,,,,,,,,,,,,,,,,,,,,,,,,,,,,,,,,,,,,,NO,YES,YES,,,,,,,,,,,,,,,,,,,,,,,,,,,,,,7
Inu X,,,,,,,,,,,,,,,,,,,,,,,,,,,,,,,,,,,,,,,,,YES,NO,YES,,YES,YES,YES,YES,NO_WITH_VETO,YES,NO,,,,,,,,,,,,YES,YES,YES,,,,,7
CloudByte,,,,,,,,,,,,,,,,,,,,,,,,,,,,,,,,,,,,,,,,,,,,YES,,,,,,,,,,,,,,,,,,,,,,,,,,2
genznodes,,,,,,,,,,,,,,,,,,,,,,,,,,,,,,,,,,,,,,,,,,,,,,,,YES,NO_VOTE,NO_VOTE,NO,,,,,,,,,,,,,,YES,,,,,7
authztestvalidator,,,,,,,,,,,,,,,,,,,,,,,,,,,,,,,,,,,,,,,,,,,,,,,,,,,,,,,,,,,,,,,,,YES,,,,,2
NodeStake  LottoDrop,,,,,,,,,,,,,,,,,,,,,,,,,,,,,,,,,,,,,,,,,,,,,,,,ABSTAIN,NO_WITH_VETO,YES,NO,,,,,,,,,,,,,,,,,,,7
biglazycatcom,,,,,,,,,,,,,,,,,,,,,,,,,,,,,,,,,,,,,,,,,,,,,,,,,NO,NO,NO,,,,,,,,,,,,,,,,,,,7
